loc_num,shutdown,reopen
00001,2029-01-06,2029-01-06
00002,2030-08-06,2030-08-06
00003,2025-12-20,2025-12-20
00004,2026-06-23,2026-06-23
00006,2026-06-18,2026-06-18
00008,2032-10-02,2032-10-02
00009,2030-07-07,2030-07-07
00010,2033-05-25,2033-05-25
00015,2034-08-12,2034-08-12
00016,2034-11-29,2034-11-29
00017,2033-12-20,2033-12-20
00018,2033-02-28,2033-02-28
00021,2030-09-28,2030-09-28
00026,2030-03-31,2030-03-31
00032,2030-05-29,2030-05-29
00033,2031-07-07,2031-07-07
00035,2025-11-22,2025-11-22
00039,2031-09-28,2031-09-28
00041,2034-05-28,2034-05-28
00042,2029-04-12,2029-04-12
00050,2025-07-31,2025-07-31
00057,2026-09-17,2026-09-17
00060,2034-05-21,2034-05-21
00065,2030-02-28,2030-02-28
00066,2029-12-16,2029-12-16
00070,2032-09-04,2032-09-04
00073,2035-03-30,2035-03-30
00076,2035-11-05,2035-11-05
00078,2035-10-03,2035-10-03
00092,2030-06-12,2030-06-12
00093,2026-10-04,2026-10-04
00099,2031-06-12,2031-06-12
00100,2031-03-11,2031-03-11
00102,2027-06-24,2027-06-24
00106,2029-03-27,2029-03-27
00107,2025-09-02,2025-09-02
00119,2029-12-23,2029-12-23
00120,2028-05-10,2028-05-10
00123,2031-06-03,2031-09-19
00125,2035-05-25,2035-05-25
00127,2033-11-05,2033-11-05
00133,2028-10-10,2028-10-10
00135,2031-08-07,2031-08-07
00136,2033-04-15,2033-04-15
00137,2033-06-19,2033-06-19
00139,2030-12-25,2031-04-12
00153,2029-12-05,2029-12-05
00154,2014-10-21,2014-10-28
00155,2033-11-07,2033-11-07
00159,2027-11-24,2027-11-24
00163,2029-09-27,2029-09-27
00164,2029-12-23,2029-12-23
00167,2031-12-16,2031-12-16
00168,2032-12-15,2032-12-15
00169,2034-03-31,2034-03-31
00174,2034-10-08,2034-10-08
00177,2032-06-11,2032-06-11
00181,2028-12-25,2029-04-12
00184,2028-10-07,2028-10-07
00189,2030-06-18,2030-06-18
00192,2029-11-09,2029-11-09
00199,2034-03-21,2034-03-21
00204,2033-04-15,2033-04-15
00205,2025-03-03,2025-03-03
00210,2031-06-12,2031-06-12
00214,2026-07-24,2026-07-24
00218,2030-01-26,2030-05-14
00221,2028-12-04,2028-12-04
00222,2030-04-15,2030-04-15
00223,2027-05-22,2027-05-22
00228,2026-03-02,2026-03-02
00229,2029-10-16,2029-10-16
00230,2033-10-17,2033-10-17
00233,2027-03-01,2027-03-01
00238,2030-03-14,2030-06-30
00240,2028-11-21,2028-11-21
00242,2026-02-18,2026-02-18
00243,2031-04-15,2031-04-15
00245,2030-06-04,2030-06-04
00250,2030-12-20,2030-12-20
00263,2033-11-04,2033-11-04
00264,2032-04-24,2032-04-24
00268,2031-12-20,2031-12-20
00280,2027-03-26,2027-03-26
00288,2029-03-12,2029-03-12
00289,2030-12-08,2031-03-26
00290,2029-11-24,2029-11-24
00296,2035-06-18,2035-06-18
00297,2033-01-30,2033-01-30
00302,2032-06-17,2032-06-17
00303,2035-04-05,2035-04-05
00308,2030-08-06,2030-08-06
00311,2030-05-03,2030-05-03
00315,2035-04-03,2035-04-03
00316,2032-07-03,2032-07-03
00319,2030-09-19,2030-09-19
00323,2015-06-11,2015-06-18
00328,2029-03-05,2029-03-05
00330,2032-04-27,2032-04-27
00331,2026-04-05,2026-04-05
00332,2029-06-12,2029-06-12
00336,2027-03-30,2027-03-30
00337,2032-09-18,2032-09-18
00338,2035-05-18,2035-05-18
00339,2032-03-30,2032-03-30
00342,2026-06-30,2026-06-30
00347,2027-07-13,2027-07-13
00348,2031-08-06,2031-08-06
00350,2028-05-17,2028-05-17
00356,2028-12-22,2028-12-22
00358,2025-12-22,2025-12-22
00359,2033-07-31,2033-07-31
00361,2025-09-07,2025-09-07
00362,2030-05-25,2030-05-25
00365,2030-09-19,2030-09-19
00366,2025-03-16,2025-03-16
00367,2035-05-11,2035-05-11
00368,2034-08-07,2034-08-07
00373,2035-07-31,2035-07-31
00374,2026-09-17,2026-09-17
00376,2029-07-03,2029-07-03
00379,2031-05-25,2031-05-25
00380,2025-06-30,2025-06-30
00381,2030-12-01,2030-12-01
00386,2034-11-04,2034-11-04
00387,2027-09-27,2027-09-27
00389,2018-10-01,2018-11-02
00390,2028-07-23,2028-07-23
00399,2029-06-06,2029-09-22
00415,2030-08-02,2030-08-02
00418,2029-12-02,2029-12-02
00423,2030-09-05,2030-09-05
00425,2027-09-23,2027-09-23
00426,2029-07-31,2029-07-31
00429,2029-04-05,2029-04-05
00430,2030-07-27,2030-11-12
00431,2031-12-01,2031-12-01
00437,2014-11-21,2014-12-23
00440,2026-03-05,2026-03-05
00442,2027-04-24,2027-04-24
00443,2035-06-18,2035-06-18
00444,2033-03-31,2033-03-31
00447,2029-11-07,2029-11-07
00448,2021-11-05,2022-04-07
00452,2025-02-28,2025-03-07
00454,2030-12-16,2030-12-16
00456,2029-01-04,2029-01-04
00457,2031-09-05,2031-09-05
00458,2032-06-18,2032-06-18
00461,2031-01-17,2031-01-17
00462,2026-05-06,2026-05-06
00466,2018-10-14,2018-11-15
00467,2033-08-12,2033-08-12
00468,2030-05-28,2030-05-28
00473,2029-08-22,2029-08-22
00475,2032-08-05,2032-08-05
00482,2027-04-11,2027-04-11
00485,2024-06-15,2024-06-21
00486,2031-04-10,2031-04-10
00487,2021-06-30,2021-07-23
00492,2026-07-24,2026-07-24
00494,2024-03-22,2024-03-29
00495,2029-03-20,2029-03-20
00498,2029-12-29,2029-12-29
00502,2025-12-12,2025-12-19
00503,2031-05-11,2031-05-11
00504,2029-05-22,2029-05-22
00509,2018-05-21,2018-06-22
00513,2033-11-09,2033-11-09
00515,2021-12-23,2022-01-18
00517,2031-07-31,2031-07-31
00518,2023-02-10,2023-02-17
00520,2023-06-22,2023-06-30
00523,2026-09-11,2026-09-11
00524,2026-12-04,2026-12-11
00528,2023-11-22,2023-12-01
00529,2020-01-20,2020-02-21
00530,2022-05-07,2022-05-13
00531,2034-04-03,2034-04-03
00532,2023-08-11,2024-04-03
00534,2029-07-03,2029-07-03
00537,2033-05-18,2033-05-18
00539,2027-05-06,2027-05-06
00551,2025-12-19,2025-12-26
00562,2013-05-01,2013-06-02
00571,2025-08-22,2025-08-22
00572,2029-03-02,2029-03-02
00574,2029-01-17,2029-01-17
00579,2027-04-12,2027-04-12
00581,2022-08-27,2022-09-02
00582,2025-02-21,2025-02-21
00583,2033-08-12,2033-08-12
00588,2021-07-10,2021-07-16
00589,2034-08-12,2034-08-12
00592,2028-12-28,2028-12-28
00593,2019-04-29,2019-05-31
00594,2021-07-27,2021-08-06
00599,2031-01-19,2031-01-19
00600,2030-06-04,2030-06-04
00601,2026-10-26,2026-11-02
00602,2024-02-09,2024-02-14
00609,2035-01-26,2035-01-26
00616,2015-05-15,2015-06-16
00617,2031-06-04,2031-06-04
00618,2028-08-02,2028-08-02
00621,2033-03-01,2033-03-01
00629,2025-07-14,2025-07-14
00631,2013-05-13,2013-06-14
00632,2029-03-21,2029-03-21
00633,2028-07-14,2028-07-14
00636,2025-05-02,2025-08-29
00639,2029-10-07,2029-10-07
00640,2023-06-30,2023-07-07
00643,2019-06-17,2019-07-19
00648,2025-08-22,2025-08-22
00652,2029-09-17,2029-09-17
00654,2032-01-13,2032-01-13
00657,2019-07-01,2019-08-02
00660,2023-11-25,2023-11-29
00661,2026-08-09,2026-08-09
00662,2018-11-11,2018-12-13
00663,2030-11-29,2030-11-29
00668,2022-03-04,2022-06-24
00669,2032-11-09,2032-11-09
00670,2022-04-30,2022-05-11
00671,2022-07-28,2022-08-05
00676,2018-12-10,2019-01-11
00677,2032-03-13,2032-03-13
00678,2030-07-22,2030-07-22
00679,2027-02-09,2027-02-09
00680,2015-06-28,2015-07-30
00683,2025-09-26,2026-01-23
00684,2028-12-22,2028-12-22
00685,2034-01-26,2034-05-14
00686,2028-07-12,2028-07-12
00687,2021-12-24,2022-01-12
00689,2031-01-13,2031-01-13
00691,2030-10-03,2030-10-03
00692,2029-02-28,2029-02-28
00694,2030-11-10,2030-11-10
00695,2019-05-12,2019-06-13
00696,2034-11-05,2034-11-05
00698,2029-04-12,2029-04-12
00699,2025-06-24,2025-06-24
00700,2027-08-06,2027-08-06
00701,2022-07-08,2022-12-07
00703,2029-08-12,2029-08-12
00704,2032-02-28,2032-02-28
00709,2026-05-18,2026-05-18
00712,2029-01-23,2029-05-11
00713,2014-08-10,2014-09-11
00714,2023-10-18,2023-10-27
00716,2028-02-10,2028-02-10
00717,2014-05-31,2014-07-02
00718,2032-01-19,2032-01-19
00721,2026-03-20,2026-03-20
00722,2029-09-11,2029-09-11
00724,2026-09-18,2026-09-25
00726,2017-07-20,2017-08-21
00727,2031-10-31,2031-10-31
00730,2030-10-31,2030-10-31
00732,2026-12-08,2026-12-08
00734,2029-08-16,2029-08-16
00735,2022-08-26,2022-09-02
00737,2027-09-06,2027-09-06
00739,2030-01-26,2030-01-26
00740,2023-02-28,2023-06-14
00741,2035-03-11,2035-03-11
00744,2018-04-20,2018-05-22
00745,2015-03-21,2015-04-22
00746,2030-03-26,2030-03-26
00751,2029-08-03,2029-08-03
00753,2015-04-07,2015-05-09
00756,2031-07-05,2031-10-21
00757,2026-01-30,2026-07-03
00758,2030-03-01,2030-03-01
00760,2027-06-20,2027-06-20
00762,2018-08-10,2018-09-11
00763,2033-08-18,2033-08-18
00764,2019-03-05,2019-04-06
00765,2026-01-09,2026-01-16
00766,2030-07-03,2030-07-03
00768,2033-02-18,2033-02-18
00770,2025-06-27,2025-06-27
00771,2026-02-13,2026-06-26
00772,2035-01-13,2035-01-13
00774,2031-03-01,2031-03-01
00777,2034-01-26,2034-01-26
00780,2014-11-10,2014-12-12
00781,2030-06-18,2030-10-04
00782,2017-08-11,2017-09-12
00783,2033-10-31,2033-10-31
00784,2033-01-26,2033-01-26
00787,2028-03-27,2028-03-27
00789,2033-03-26,2033-03-26
00791,2028-05-20,2028-05-20
00792,2026-12-29,2026-12-29
00793,2030-01-19,2030-01-19
00794,2025-01-17,2025-01-24
00795,2033-06-12,2033-06-12
00796,2028-03-02,2028-03-02
00799,2033-03-18,2033-03-18
00801,2028-12-23,2028-12-23
00802,2035-07-07,2035-07-07
00803,2021-07-17,2021-07-23
00804,2034-07-03,2034-07-03
00805,2025-06-24,2025-06-24
00806,2034-02-28,2034-02-28
00807,2021-12-31,2022-01-13
00808,2016-04-25,2016-05-27
00809,2026-03-19,2026-03-26
00810,2018-08-06,2018-09-07
00811,2019-04-29,2019-05-31
00812,2026-01-02,2026-06-05
00813,2035-05-27,2035-05-27
00814,2027-12-05,2027-12-05
00815,2031-04-03,2031-04-03
00816,2023-08-25,2023-08-31
00817,2022-11-27,2023-05-19
00818,2022-04-30,2022-05-18
00819,2024-06-21,2024-11-02
00821,2022-01-21,2022-07-22
00822,2022-04-15,2022-10-07
00823,2030-04-07,2030-04-07
00824,2028-03-23,2028-03-23
00825,2026-05-25,2026-05-25
00826,2027-08-03,2027-08-03
00828,2022-08-31,2022-09-09
00829,2022-03-04,2022-08-05
00830,2014-05-02,2014-06-03
00831,2032-07-30,2032-07-30
00832,2030-08-12,2030-08-12
00833,2027-06-12,2027-06-12
00834,2026-06-11,2026-11-13
00835,2025-09-28,2025-09-28
00836,2031-04-07,2031-04-07
00837,2019-02-04,2019-03-08
00838,2016-07-11,2016-08-12
00839,2022-07-23,2022-08-05
00840,2022-04-23,2022-04-29
00842,2018-11-04,2018-12-06
00843,2034-05-25,2034-05-25
00844,2022-03-05,2022-03-09
00845,2023-06-17,2023-07-07
00846,2017-06-19,2017-07-21
00847,2030-01-17,2030-01-17
00848,2035-06-12,2035-06-12
00849,2032-07-02,2032-07-02
00850,2031-08-12,2031-08-12
00851,2013-07-22,2013-08-23
00852,2021-03-27,2021-06-17
00854,2030-04-10,2030-04-10
00855,2024-04-06,2024-04-19
00856,2022-06-18,2022-07-01
00857,2035-09-19,2035-09-19
00858,2035-04-15,2035-04-15
00859,2017-10-16,2017-11-17
00860,2024-11-08,2024-11-15
00861,2026-07-29,2026-08-05
00862,2029-05-11,2029-05-11
00863,2028-03-25,2028-03-25
00864,2025-10-31,2025-11-07
00866,2023-01-13,2023-07-07
00867,2025-04-04,2025-04-11
00868,2027-04-12,2027-04-12
00869,2028-01-26,2028-01-26
00870,2034-06-12,2034-06-12
00871,2024-04-27,2024-05-03
00872,2021-07-24,2021-07-30
00873,2035-02-08,2035-02-08
00874,2030-06-23,2030-06-23
00875,2015-08-03,2015-09-04
00878,2024-11-01,2024-11-08
00879,2033-08-28,2033-08-28
00884,2033-01-13,2033-01-13
00888,2031-06-23,2031-06-23
00905,2025-04-12,2025-04-12
00916,2025-05-21,2025-05-21
00919,2026-05-06,2026-05-06
00923,2028-10-23,2028-10-23
00930,2015-06-14,2015-07-16
00931,2026-05-02,2026-05-09
00934,2023-01-23,2023-01-27
00940,2018-08-06,2018-09-07
00941,2033-12-16,2033-12-16
00943,2030-11-07,2030-11-07
00945,2029-08-03,2029-08-03
00946,2032-11-08,2032-11-08
00950,2031-08-07,2031-08-07
00951,2022-12-27,2023-01-04
00952,2032-12-20,2032-12-20
00957,2024-10-11,2024-12-27
00962,2035-10-08,2035-10-08
00976,2017-10-02,2017-11-03
00978,2029-09-23,2029-09-23
00981,2035-01-06,2035-01-06
00984,2017-11-15,2017-12-17
00986,2017-04-03,2017-05-05
00994,2021-05-29,2022-01-12
00998,2022-11-30,2022-12-13
01014,2025-06-18,2025-06-18
01015,2022-09-17,2022-09-23
01017,2015-03-15,2015-04-16
01018,2030-03-21,2030-03-21
01021,2013-11-10,2013-12-12
01022,2025-09-26,2025-10-03
01023,2022-04-30,2022-05-13
01025,2034-01-06,2034-01-06
01029,2015-04-07,2015-05-09
01031,2031-03-21,2031-03-21
01033,2026-11-13,2026-11-20
01034,2029-08-02,2029-08-02
01036,2014-06-27,2014-07-29
01037,2029-01-22,2029-01-22
01041,2035-05-27,2035-05-27
01043,2030-11-09,2030-11-09
01044,2030-01-06,2030-01-06
01045,2015-09-23,2015-10-25
01047,2026-04-09,2026-09-18
01048,2032-08-11,2032-08-11
01049,2016-04-25,2016-05-27
01050,2014-06-09,2014-07-11
01053,2018-03-05,2018-04-06
01054,2022-09-07,2022-12-08
01061,2016-04-02,2016-05-04
01064,2027-05-27,2027-05-27
01065,2033-07-03,2033-07-03
01066,2014-09-05,2014-10-07
01068,2034-05-14,2034-05-14
01069,2019-05-27,2019-06-28
01070,2016-06-25,2016-07-27
01071,2032-02-18,2032-02-18
01072,2018-07-03,2018-08-04
01075,2030-07-07,2030-07-07
01076,2025-01-31,2025-02-07
01079,2015-04-12,2015-05-14
01080,2015-08-03,2015-09-04
01081,2025-10-21,2025-10-21
01082,2032-05-27,2032-05-27
01083,2013-09-01,2013-10-03
01085,2013-10-11,2013-11-12
01086,2028-09-27,2028-09-27
01089,2034-05-21,2034-09-06
01090,2014-05-20,2014-06-21
01092,2029-09-29,2029-09-29
01093,2025-10-18,2025-12-26
01098,2033-09-17,2033-09-17
01102,2032-10-30,2032-10-30
01103,2033-10-24,2033-10-24
01105,2017-08-26,2017-09-27
01106,2028-09-10,2028-09-10
01107,2028-02-10,2028-02-10
01108,2031-09-07,2031-09-07
01109,2013-06-05,2013-07-07
01110,2025-06-26,2025-10-31
01111,2019-10-20,2019-11-21
01116,2026-05-22,2026-05-22
01117,2026-04-06,2026-04-06
01118,2025-01-17,2025-01-24
01120,2017-10-09,2017-11-10
01125,2017-06-16,2017-07-18
01126,2016-08-27,2016-09-28
01128,2026-03-12,2026-03-12
01129,2028-11-04,2028-11-04
01130,2026-10-09,2026-10-16
01131,2027-11-12,2027-11-19
01134,2030-10-08,2030-10-08
01136,2019-10-22,2019-11-23
01138,2019-08-31,2019-10-02
01139,2024-11-22,2025-05-01
01140,2032-02-29,2032-02-29
01141,2031-05-27,2031-05-27
01142,2028-02-08,2028-02-08
01143,2026-04-10,2026-04-10
01146,2034-09-07,2034-09-07
01148,2032-05-26,2032-05-26
01149,2025-12-31,2026-01-07
01151,2023-09-16,2023-09-21
01153,2016-02-08,2016-03-11
01156,2025-10-24,2025-10-31
01157,2019-11-11,2019-12-13
01161,2035-05-28,2035-05-28
01162,2025-03-14,2025-03-21
01163,2017-10-01,2017-11-02
01165,2030-05-27,2030-05-27
01169,2027-10-08,2027-10-08
01170,2031-03-14,2031-03-14
01171,2018-07-22,2018-08-23
01172,2024-10-11,2024-10-18
01173,2025-03-24,2025-03-24
01175,2032-09-04,2032-09-04
01183,2014-09-08,2014-10-10
01184,2032-05-13,2032-05-13
01186,2023-10-05,2024-03-01
01193,2018-04-30,2018-06-01
01195,2016-10-08,2016-11-09
01198,2025-01-01,2025-01-08
01199,2029-09-07,2029-09-07
01201,2018-01-22,2018-02-23
01202,2016-10-26,2016-11-27
01203,2023-04-27,2023-08-25
01207,2017-10-20,2017-11-21
01208,2023-06-30,2023-07-06
01210,2032-07-21,2032-07-21
01214,2026-01-29,2026-01-29
01215,2031-01-30,2031-01-30
01216,2031-02-18,2031-02-18
01217,2026-08-03,2026-08-03
01218,2031-10-17,2031-10-17
01220,2013-06-04,2013-07-06
01222,2030-01-30,2030-01-30
01223,2024-07-26,2024-12-13
01224,2029-01-10,2029-01-10
01225,2024-08-09,2024-08-16
01227,2030-02-18,2030-02-18
01228,2024-10-23,2024-10-30
01229,2018-08-10,2018-09-11
01230,2025-01-14,2025-01-14
01231,2023-08-10,2024-01-19
01232,2016-09-06,2016-10-08
01233,2016-08-06,2016-09-07
01235,2016-08-20,2016-09-21
01237,2028-01-04,2028-01-04
01242,2028-11-04,2028-11-04
01244,2033-10-06,2034-01-22
01246,2034-02-18,2034-02-18
01247,2027-05-11,2027-05-11
01248,2022-05-31,2022-11-04
01250,2017-11-07,2017-12-09
01256,2031-02-24,2031-06-12
01257,2017-10-13,2017-11-14
01259,2033-12-01,2033-12-01
01262,2027-04-13,2027-04-13
01265,2024-08-09,2024-08-16
01266,2017-06-27,2017-07-29
01270,2035-01-14,2035-01-14
01273,2027-03-29,2027-03-29
01279,2026-11-05,2026-11-05
01280,2035-03-05,2035-03-05
01282,2026-03-06,2026-08-07
01284,2022-08-18,2022-12-16
01287,2029-03-28,2029-03-28
01288,2029-10-24,2030-02-09
01289,2019-03-12,2019-04-13
01290,2035-07-03,2035-07-03
01291,2029-06-12,2029-06-12
01292,2030-09-05,2030-09-05
01293,2019-09-13,2019-10-15
01294,2032-09-06,2032-09-06
01296,2021-01-02,2021-01-07
01297,2030-05-14,2030-05-14
01302,2017-03-21,2017-04-22
01303,2018-06-24,2018-07-26
01304,2023-07-27,2024-01-26
01305,2035-11-19,2035-11-19
01306,2016-01-24,2016-02-25
01307,2015-12-07,2016-01-08
01309,2033-01-31,2033-01-31
01312,2026-05-02,2026-05-02
01314,2034-11-24,2034-11-24
01322,2026-01-16,2026-04-24
01326,2018-05-22,2018-06-23
01332,2034-04-10,2034-04-10
01333,2019-03-31,2019-05-02
01336,2018-05-01,2018-06-02
01337,2025-10-03,2026-03-21
01340,2028-04-06,2028-04-06
01342,2025-05-14,2025-05-14
01344,2026-08-06,2026-08-06
01350,2026-01-02,2026-06-05
01355,2017-08-14,2017-09-15
01359,2022-05-26,2022-08-19
01360,2031-04-14,2031-04-14
01362,2019-02-19,2019-03-23
01368,2027-12-16,2027-12-16
01370,2029-09-05,2029-09-05
01374,2026-05-21,2026-05-21
01376,2025-06-02,2025-06-02
01378,2030-04-14,2030-04-14
01380,2027-06-11,2027-06-18
01383,2026-11-15,2026-11-15
01384,2022-06-10,2022-12-09
01385,2026-06-03,2026-06-03
01386,2035-07-08,2035-07-08
01387,2029-10-31,2029-10-31
01389,2035-05-13,2035-05-13
01390,2014-05-30,2014-07-01
01391,2026-11-06,2026-11-13
01393,2027-03-27,2027-03-27
01398,2029-03-07,2029-03-07
01399,2034-01-29,2034-01-29
01400,2033-01-29,2033-01-29
01401,2027-12-23,2027-12-23
01402,2028-08-15,2028-08-15
01404,2019-05-24,2019-06-25
01405,2031-11-05,2031-11-05
01406,2031-02-21,2031-06-09
01408,2030-11-05,2030-11-05
01411,2025-09-19,2025-09-19
01413,2018-10-24,2018-11-25
01414,2025-02-18,2025-02-18
01415,2032-10-07,2032-10-07
01416,2032-05-13,2032-05-13
01417,2025-10-31,2025-11-07
01418,2024-02-24,2024-03-13
01419,2015-05-05,2015-06-06
01421,2025-01-17,2025-04-25
01424,2024-03-28,2024-08-02
01425,2035-06-23,2035-06-23
01427,2028-05-12,2028-05-12
01428,2031-09-17,2031-09-17
01431,2019-06-10,2019-07-12
01433,2023-05-19,2023-08-04
01434,2029-05-29,2029-05-29
01437,2026-12-31,2027-06-11
01438,2028-08-17,2028-08-17
01439,2019-05-24,2019-06-25
01443,2019-03-23,2019-04-24
01445,2023-02-24,2023-06-23
01446,2014-02-14,2014-03-18
01447,2029-11-04,2029-11-04
01448,2015-04-03,2015-05-05
01449,2031-05-13,2031-05-13
01450,2034-07-04,2034-07-04
01451,2023-11-10,2024-02-24
01452,2022-05-13,2022-08-12
01454,2033-05-29,2033-05-29
01457,2025-06-14,2025-06-14
01459,2030-08-31,2030-08-31
01463,2026-01-01,2026-03-13
01466,2032-02-08,2032-02-08
01469,2030-11-24,2030-11-24
01474,2032-03-04,2032-03-04
01476,2027-11-10,2027-11-10
01477,2030-10-03,2030-10-03
01479,2030-03-05,2030-03-05
01481,2026-10-11,2026-10-11
01482,2028-11-23,2028-11-23
01484,2031-08-31,2031-08-31
01486,2027-02-08,2027-02-08
01487,2030-02-24,2030-06-12
01488,2030-08-28,2030-08-28
01489,2018-07-01,2018-08-02
01490,2030-08-02,2030-08-02
01491,2025-03-02,2025-03-02
01493,2025-08-12,2025-08-12
01494,2023-09-29,2024-02-23
01496,2031-03-05,2031-03-05
01497,2029-12-10,2029-12-10
01498,2033-03-30,2033-03-30
01501,2024-11-20,2024-11-27
01506,2029-02-10,2029-02-10
01507,2035-05-22,2035-05-22
01509,2022-02-10,2022-05-27
01514,2035-07-04,2035-07-04
01517,2031-08-28,2031-08-28
01519,2031-08-02,2031-08-02
01524,2028-03-01,2028-03-01
01525,2023-04-06,2023-10-06
01526,2031-11-05,2031-11-05
01527,2023-08-11,2023-11-08
01530,2023-06-16,2023-11-03
01531,2019-03-25,2019-04-26
01535,2023-04-01,2023-10-13
01536,2026-06-20,2026-06-20
01537,2032-08-11,2032-08-11
01539,2023-08-10,2024-01-06
01540,2025-05-19,2025-05-26
01544,2022-05-05,2022-10-07
01546,2025-11-14,2025-11-21
01550,2025-05-22,2025-05-22
01553,2023-08-03,2024-01-12
01562,2026-06-19,2026-06-19
01564,2027-01-19,2027-01-19
01567,2026-01-15,2026-06-19
01568,2022-02-17,2022-05-06
01569,2026-02-27,2026-02-27
01570,2029-11-15,2029-11-15
01571,2025-05-02,2025-10-03
01573,2033-07-08,2033-07-08
01577,2025-05-09,2025-05-16
01579,2024-07-12,2024-11-15
01580,2030-11-27,2030-11-27
01583,2017-11-07,2017-12-09
01584,2022-03-10,2022-07-02
01585,2017-03-27,2017-04-28
01588,2034-11-12,2034-11-12
01589,2027-06-04,2027-06-04
01591,2034-11-24,2034-11-24
01593,2035-02-22,2035-02-22
01594,2018-10-01,2018-11-02
01601,2030-10-09,2030-10-09
01602,2029-01-26,2029-01-26
01604,2031-03-03,2031-03-03
01606,2018-11-17,2018-12-19
01609,2029-11-07,2029-11-07
01613,2035-02-09,2035-02-09
01614,2027-08-02,2027-08-02
01621,2027-02-08,2027-02-08
01622,2027-11-05,2027-11-05
01626,2018-10-20,2018-11-21
01628,2033-05-02,2033-05-02
01629,2035-11-05,2035-11-05
01631,2019-07-07,2019-08-08
01634,2022-09-23,2022-12-22
01635,2027-09-22,2027-09-22
01638,2018-06-12,2018-07-14
01639,2019-02-23,2019-03-27
01640,2030-07-30,2030-07-30
01642,2023-03-30,2023-07-06
01646,2033-09-22,2033-09-22
01647,2023-09-08,2024-01-05
01648,2023-01-12,2023-03-31
01649,2021-11-18,2022-01-21
01650,2031-04-11,2031-04-11
01653,2017-06-12,2017-07-14
01656,2019-03-18,2019-04-19
01657,2028-05-24,2028-05-24
01659,2032-03-02,2032-03-02
01660,2026-12-23,2026-12-23
01661,2024-07-19,2024-07-26
01664,2027-06-02,2027-06-02
01665,2017-09-20,2017-10-22
01666,2031-11-22,2031-11-22
01668,2027-04-03,2027-04-03
01671,2022-07-22,2022-11-18
01673,2026-03-07,2026-03-07
01674,2025-09-27,2025-09-27
01675,2026-11-09,2026-11-16
01678,2022-11-10,2023-04-14
01680,2019-07-13,2019-08-14
01682,2015-12-27,2016-01-28
01683,2031-10-09,2031-10-09
01684,2022-08-26,2023-01-12
01686,2023-06-22,2023-09-27
01687,2034-11-01,2034-11-01
01688,2024-03-29,2024-07-31
01689,2022-05-20,2022-09-02
01690,2022-05-26,2022-09-09
01691,2026-04-03,2026-04-03
01692,2031-04-13,2031-04-13
01693,2028-01-30,2028-01-30
01694,2025-09-18,2026-01-23
01695,2022-07-22,2022-11-02
01697,2023-11-21,2023-11-22
01698,2031-02-23,2031-02-23
01703,2026-05-08,2026-05-15
01704,2031-02-10,2031-02-10
01706,2035-11-22,2035-11-22
01707,2034-03-26,2034-03-26
01709,2028-01-22,2028-01-22
01715,2022-10-07,2023-01-27
01719,2030-08-16,2030-08-16
01720,2025-03-21,2025-07-04
01721,2022-07-29,2023-02-01
01722,2028-11-03,2028-11-03
01724,2032-04-12,2032-04-12
01727,2022-09-28,2023-02-09
01729,2029-10-24,2029-10-24
01731,2029-05-27,2029-05-27
01732,2029-06-19,2029-06-19
01734,2019-04-07,2019-05-09
01736,2025-08-22,2025-11-14
01737,2030-12-09,2030-12-09
01738,2032-02-10,2032-02-10
01739,2028-09-08,2028-09-08
01740,2028-08-11,2028-08-11
01741,2033-10-21,2033-10-21
01749,2033-02-12,2033-02-12
01750,2031-07-01,2031-07-01
01751,2018-09-07,2018-10-09
01754,2031-08-16,2031-08-16
01755,2035-11-01,2035-11-01
01756,2022-07-28,2022-11-09
01757,2026-06-27,2026-06-27
01758,2025-09-27,2025-09-27
01759,2029-11-05,2029-11-05
01760,2027-03-21,2027-03-21
01762,2023-08-10,2023-12-06
01763,2029-03-17,2029-03-17
01764,2028-11-14,2028-11-14
01765,2034-06-06,2034-09-22
01767,2023-08-18,2023-12-29
01769,2018-04-06,2018-05-08
01772,2023-05-04,2023-08-18
01773,2022-08-18,2023-03-03
01776,2025-09-13,2025-09-13
01777,2022-08-04,2022-10-21
01783,2027-12-25,2028-04-11
01793,2025-06-20,2025-06-20
01794,2025-03-27,2025-03-27
01796,2026-07-03,2026-07-03
01797,2026-04-13,2026-04-13
01801,2029-11-01,2029-11-01
01805,2033-04-11,2033-04-11
01807,2022-03-31,2022-06-10
01808,2033-11-22,2033-11-22
01811,2025-02-27,2025-02-27
01813,2024-07-18,2024-11-23
01814,2026-03-27,2026-04-03
01815,2031-11-19,2031-11-19
01817,2023-08-08,2023-12-24
01818,2033-10-09,2033-10-09
01825,2026-10-03,2027-01-19
01826,2032-05-21,2032-05-21
01827,2034-04-11,2034-04-11
01831,2025-08-12,2025-08-12
01832,2023-08-25,2023-11-22
01834,2025-10-24,2025-10-31
01836,2025-07-10,2025-11-14
01837,2029-04-03,2029-04-03
01840,2033-07-30,2033-07-30
01846,2033-02-23,2033-02-23
01849,2028-03-06,2028-03-06
01851,2031-02-10,2031-02-10
01852,2025-05-02,2025-05-02
01853,2025-12-05,2025-12-05
01854,2034-10-09,2034-10-09
01855,2030-02-10,2030-02-10
01856,2026-06-25,2026-10-11
01857,2023-09-08,2023-12-08
01858,2026-04-15,2026-04-15
01860,2025-10-31,2026-02-06
01862,2031-01-22,2031-01-22
01864,2025-08-08,2025-08-15
01866,2028-10-02,2028-10-02
01867,2034-07-30,2034-07-30
01870,2031-02-05,2031-02-05
01871,2028-05-28,2028-05-28
01873,2025-08-08,2025-12-05
01876,2031-08-02,2031-08-02
01877,2029-03-26,2029-03-26
01879,2031-02-05,2031-02-05
01881,2028-11-04,2028-11-04
01882,2026-06-04,2026-06-04
01883,2033-08-13,2033-08-13
01884,2030-11-05,2030-11-05
01886,2028-07-29,2028-07-29
01888,2026-08-18,2026-08-18
01890,2034-04-05,2034-04-05
01891,2023-09-07,2024-01-17
01892,2028-01-14,2028-01-14
01895,2025-12-05,2026-05-08
01899,2023-04-28,2023-07-27
01903,2032-02-05,2032-02-05
01906,2023-05-19,2023-08-23
01911,2023-06-09,2023-11-17
01916,2030-03-02,2030-06-18
01918,2025-01-19,2025-01-19
01919,2024-06-28,2024-09-20
01920,2029-04-08,2029-04-08
01924,2035-09-30,2035-09-30
01928,2032-02-22,2032-02-22
01933,2031-11-05,2031-11-05
01934,2023-06-30,2023-09-15
01936,2027-05-25,2027-05-25
01939,2028-09-20,2028-09-20
01941,2024-03-15,2024-07-04
01942,2029-10-03,2029-10-03
01943,2022-10-06,2023-02-22
01947,2035-07-13,2035-07-13
01948,2019-07-22,2019-08-23
01950,2027-03-11,2027-03-11
01951,2024-07-26,2024-10-04
01954,2033-01-04,2033-01-04
01956,2026-07-01,2026-07-01
01957,2026-01-04,2026-01-04
01958,2034-06-24,2034-06-24
01959,2025-03-27,2025-08-01
01960,2026-02-20,2026-07-24
01961,2035-04-05,2035-04-05
01963,2029-05-14,2029-05-14
01966,2026-03-13,2026-07-16
01967,2032-11-04,2032-11-04
01973,2022-05-27,2022-08-24
01975,2031-10-25,2031-10-25
01976,2024-06-13,2024-11-02
01977,2035-07-22,2035-07-22
01979,2023-06-01,2023-08-25
01980,2027-11-04,2027-11-04
01982,2033-01-28,2033-01-28
01983,2032-10-24,2032-10-24
01986,2030-11-22,2030-11-22
01991,2033-12-02,2033-12-02
01993,2028-09-06,2028-12-23
01994,2034-01-04,2034-01-04
01995,2025-11-09,2025-11-09
01996,2026-06-25,2026-10-23
01997,2035-08-13,2035-08-13
01998,2022-08-12,2022-11-09
01999,2035-12-29,2035-12-29
02000,2030-05-02,2030-05-02
02002,2025-06-08,2025-06-15
02007,2025-11-29,2025-11-29
02013,2035-06-24,2035-06-24
02014,2025-09-30,2025-09-30
02015,2028-12-19,2028-12-19
02021,2033-02-11,2033-02-11
02022,2030-12-10,2030-12-10
02024,2024-05-31,2024-11-06
02025,2034-01-28,2034-01-28
02026,2028-10-16,2028-10-16
02030,2025-12-13,2025-12-13
02031,2028-06-17,2028-06-17
02033,2026-10-18,2026-10-18
02034,2025-06-20,2025-10-10
02037,2032-11-11,2032-11-11
02038,2032-08-07,2032-08-07
02043,2025-05-17,2025-09-19
02044,2030-07-15,2030-07-15
02045,2026-05-27,2026-05-27
02047,2030-09-22,2030-09-22
02050,2031-05-02,2031-05-02
02052,2034-02-11,2034-02-11
02053,2026-02-09,2026-02-09
02057,2025-02-09,2025-02-09
02061,2028-12-26,2028-12-26
02065,2027-03-28,2027-07-14
02066,2027-08-08,2027-11-24
02069,2030-11-01,2030-11-01
02071,2026-03-12,2026-08-21
02072,2026-03-06,2026-08-21
02077,2027-01-23,2027-05-11
02081,2022-07-29,2022-11-20
02083,2024-05-01,2024-08-09
02086,2027-01-01,2027-04-09
02088,2024-05-31,2024-09-27
02089,2035-01-28,2035-01-28
02090,2022-05-06,2022-07-29
02091,2028-07-06,2028-07-06
02092,2023-03-30,2023-07-12
02093,2026-02-06,2026-05-22
02094,2015-09-24,2015-10-26
02095,2031-09-22,2031-09-22
02097,2025-07-11,2025-12-12
02101,2023-11-03,2024-02-16
02102,2032-11-21,2032-11-21
02103,2026-07-10,2026-10-30
02106,2023-08-25,2023-12-01
02110,2031-07-26,2031-07-26
02111,2026-05-13,2026-05-13
02114,2024-02-29,2024-07-17
02116,2035-02-11,2035-02-11
02117,2032-05-01,2032-05-01
02119,2033-08-02,2033-08-02
02122,2023-09-16,2024-04-16
02125,2028-01-29,2028-01-29
02131,2024-03-01,2024-06-12
02134,2026-01-22,2026-01-22
02138,2026-02-10,2026-02-10
02139,2034-02-05,2034-02-05
02140,2028-04-09,2028-07-26
02141,2023-04-28,2023-09-07
02143,2026-11-10,2027-02-26
02145,2027-03-15,2027-03-15
02146,2033-04-27,2033-04-27
02148,2032-07-14,2032-07-14
02153,2025-05-27,2025-05-27
02158,2032-09-21,2032-09-21
02161,2025-12-24,2026-04-11
02167,2033-02-09,2033-02-09
02172,2030-02-12,2030-02-12
02173,2024-06-13,2024-11-08
02174,2034-02-09,2034-02-09
02175,2024-10-18,2025-05-09
02177,2025-08-08,2025-11-28
02179,2035-09-06,2035-09-06
02180,2023-05-27,2023-08-30
02181,2032-10-31,2032-10-31
02182,2023-03-02,2023-08-29
02183,2023-09-23,2023-09-27
02184,2034-11-05,2034-11-05
02185,2027-04-16,2027-08-02
02186,2033-10-25,2033-10-25
02188,2023-06-23,2024-01-05
02191,2034-10-25,2034-10-25
02193,2019-03-19,2019-04-20
02194,2032-11-11,2032-11-11
02196,2031-10-21,2031-10-21
02197,2026-12-29,2026-12-29
02201,2030-03-03,2030-03-03
02202,2026-06-05,2026-10-02
02203,2033-09-09,2033-09-09
02206,2033-11-12,2033-11-12
02209,2024-05-10,2024-08-23
02210,2033-11-24,2033-11-24
02212,2035-08-02,2035-08-02
02213,2026-11-15,2027-03-03
02214,2027-07-04,2027-07-04
02216,2028-06-16,2028-10-02
02219,2025-08-07,2025-08-07
02221,2024-07-05,2024-10-23
02222,2026-05-22,2026-09-11
02224,2026-12-06,2027-03-24
02226,2022-02-24,2022-07-02
02228,2022-11-03,2023-03-03
02229,2023-08-04,2023-12-02
02231,2022-06-10,2022-10-07
02233,2028-01-10,2028-01-10
02234,2032-12-28,2032-12-28
02235,2023-08-08,2023-08-15
02237,2027-01-19,2027-01-19
02239,2022-10-07,2023-02-08
02240,2024-05-02,2024-08-31
02241,2023-01-12,2023-07-28
02242,2033-01-30,2033-01-30
02244,2026-01-23,2026-06-26
02245,2028-08-15,2028-08-15
02246,2027-03-17,2027-07-03
02248,2027-01-14,2027-05-02
02249,2026-04-14,2026-04-14
02251,2024-01-12,2024-04-12
02256,2025-01-31,2025-05-16
02257,2034-09-26,2034-09-26
02258,2026-11-24,2026-11-24
02264,2034-01-30,2034-01-30
02268,2030-02-11,2030-02-11
02270,2027-01-29,2027-01-29
02271,2026-04-24,2026-05-01
02272,2022-08-25,2023-02-08
02274,2027-09-19,2027-09-19
02275,2034-07-27,2034-07-27
02276,2028-06-27,2028-06-27
02281,2035-04-28,2035-04-28
02284,2027-10-26,2027-10-26
02285,2025-05-02,2025-08-22
02288,2026-02-28,2026-02-28
02289,2023-02-09,2023-05-03
02290,2024-07-02,2024-09-18
02292,2033-08-03,2033-08-03
02298,2022-05-19,2022-09-15
02303,2025-07-11,2025-10-31
02308,2015-10-18,2015-11-19
02309,2023-08-17,2024-01-03
02317,2031-11-01,2031-11-01
02319,2027-07-30,2027-11-15
02320,2022-09-01,2023-01-13
02322,2024-07-19,2024-10-04
02325,2033-09-30,2033-09-30
02327,2034-10-18,2034-10-18
02331,2030-09-06,2030-09-06
02334,2027-01-07,2027-04-25
02335,2028-12-26,2029-04-13
02341,2029-01-04,2029-01-04
02342,2026-06-25,2026-11-27
02345,2026-09-25,2027-01-01
02346,2027-11-07,2027-11-07
02347,2030-03-27,2030-03-27
02348,2025-08-08,2025-11-28
02353,2035-07-27,2035-07-27
02354,2032-02-11,2032-02-11
02360,2025-11-02,2025-11-03
02361,2029-10-21,2029-10-21
02362,2025-05-30,2025-09-12
02363,2023-04-20,2023-08-05
02365,2028-08-15,2028-12-01
02366,2027-06-04,2027-06-04
02367,2025-05-11,2025-05-11
02373,2028-04-13,2028-07-30
02389,2015-09-13,2015-10-15
02394,2029-12-16,2030-04-03
02401,2028-05-19,2028-09-04
02407,2025-07-03,2025-07-03
02415,2027-08-23,2027-12-09
02418,2030-02-22,2030-02-22
02419,2023-06-02,2023-09-20
02425,2031-09-06,2031-09-06
02429,2030-04-27,2030-04-27
02430,2026-08-16,2026-08-16
02433,2026-05-22,2026-05-29
02435,2034-09-30,2034-09-30
02436,2025-08-08,2025-11-28
02437,2030-02-09,2030-02-09
02440,2025-02-26,2025-02-26
02442,2033-07-22,2033-07-22
02444,2032-05-01,2032-05-01
02449,2026-03-04,2026-03-04
02454,2027-04-23,2027-08-09
02455,2030-12-23,2030-12-23
02456,2015-01-30,2015-03-03
02459,2034-03-24,2034-03-24
02463,2028-02-21,2028-06-08
02465,2035-10-30,2035-10-30
02466,2030-08-03,2030-08-03
02467,2031-04-25,2031-04-25
02469,2025-06-06,2025-08-29
02470,2026-02-08,2026-02-08
02479,2033-05-05,2033-05-05
02481,2032-08-15,2032-12-01
02483,2028-05-13,2028-05-13
02484,2025-12-05,2026-03-20
02486,2025-01-04,2025-01-04
02488,2027-08-16,2027-12-02
02489,2031-10-18,2031-10-18
02490,2026-12-24,2027-04-11
02491,2034-05-05,2034-05-05
02492,2032-05-05,2032-05-05
02493,2035-01-22,2035-01-22
02497,2022-07-21,2023-02-10
02500,2032-01-12,2032-01-12
02501,2023-08-03,2023-12-02
02503,2031-07-07,2031-07-07
02508,2025-06-09,2025-06-09
02509,2025-04-11,2025-04-11
02511,2029-05-22,2029-05-22
02513,2029-04-27,2029-04-27
02514,2033-07-07,2033-07-07
02525,2030-07-13,2030-07-13
02528,2024-07-19,2024-11-22
02529,2029-05-27,2029-05-27
02531,2026-08-13,2026-08-13
02534,2035-07-14,2035-07-14
02536,2021-12-23,2022-04-20
02537,2025-03-07,2025-07-09
02538,2035-05-05,2035-05-05
02544,2031-08-03,2031-08-03
02545,2032-01-30,2032-01-30
02547,2017-09-10,2017-10-12
02550,2025-03-28,2025-08-01
02551,2026-01-02,2026-05-01
02553,2035-11-29,2035-11-29
02554,2024-01-19,2024-04-19
02557,2032-10-17,2032-10-17
02564,2030-07-22,2030-07-22
02567,2027-05-30,2027-09-15
02569,2027-08-08,2027-11-24
02571,2032-07-06,2032-07-06
02572,2031-05-03,2031-05-03
02574,2027-12-21,2027-12-21
02575,2025-05-27,2025-05-27
02577,2023-03-24,2023-06-09
02582,2026-04-03,2026-08-07
02583,2032-08-02,2032-08-02
02584,2033-10-21,2033-10-21
02585,2027-03-02,2027-06-18
02587,2026-03-21,2026-03-21
02593,2030-08-13,2030-08-13
02598,2027-01-23,2027-05-11
02599,2023-06-24,2023-06-30
02600,2030-06-24,2030-06-24
02602,2027-01-10,2027-01-10
02603,2033-05-06,2033-05-06
02604,2027-06-18,2027-06-18
02605,2022-07-16,2022-11-11
02608,2028-06-10,2028-09-26
02612,2028-03-14,2028-03-14
02613,2027-01-28,2027-05-16
02614,2031-01-15,2031-01-15
02616,2032-05-02,2032-05-02
02620,2028-01-14,2028-05-01
02621,2034-10-21,2034-10-21
02622,2025-06-06,2025-10-03
02629,2033-01-12,2033-01-12
02630,2033-05-22,2033-05-22
02631,2027-11-15,2028-03-02
02632,2030-01-04,2030-01-04
02633,2026-12-02,2027-03-20
02634,2019-04-07,2019-05-09
02636,2029-07-24,2029-11-09
02638,2025-02-10,2025-02-10
02640,2025-05-02,2025-08-29
02644,2026-10-06,2027-01-22
02645,2032-01-15,2032-01-15
02650,2029-07-14,2029-07-14
02656,2026-01-15,2026-05-22
02657,2029-12-01,2029-12-01
02659,2028-06-01,2028-06-01
02661,2026-07-22,2026-07-22
02662,2031-08-13,2031-08-13
02664,2029-05-11,2029-05-11
02665,2025-05-13,2025-05-13
02669,2034-01-12,2034-01-12
02673,2027-02-21,2027-06-09
02674,2024-01-19,2024-04-12
02678,2026-01-22,2026-01-22
02679,2027-01-29,2027-05-17
02680,2033-01-10,2033-01-10
02681,2023-04-15,2023-07-14
02682,2032-12-30,2032-12-30
02688,2031-01-10,2031-01-10
02693,2031-03-04,2031-03-04
02697,2025-04-14,2025-04-14
02698,2030-05-05,2030-05-05
02699,2024-04-11,2024-08-09
02703,2025-11-24,2025-11-24
02709,2025-10-07,2025-10-07
02710,2031-10-30,2031-10-30
02713,2028-07-09,2028-10-25
02715,2028-10-20,2029-02-05
02719,2035-10-11,2035-10-11
02721,2029-07-30,2029-11-15
02722,2028-08-30,2028-08-30
02723,2025-08-01,2025-08-01
02724,2027-02-18,2027-02-18
02727,2032-06-16,2032-06-16
02729,2032-08-14,2032-08-14
02730,2027-12-08,2028-03-25
02734,2026-03-11,2026-03-11
02735,2029-03-14,2029-06-30
02739,2026-04-30,2026-08-14
02740,2026-01-30,2026-01-30
02742,2027-12-19,2028-04-05
02744,2030-04-30,2030-08-16
02746,2027-09-14,2027-12-31
02748,2027-03-27,2027-03-27
02749,2023-07-28,2023-11-03
02750,2027-09-07,2027-12-24
02756,2028-10-01,2029-01-17
02759,2025-11-07,2025-11-07
02762,2032-03-01,2032-03-01
02763,2035-08-15,2035-08-15
02765,2027-12-26,2028-04-12
02767,2034-06-17,2034-06-17
02772,2029-03-02,2029-06-18
02774,2026-12-19,2027-04-06
02775,2022-09-15,2023-01-19
02777,2025-08-02,2025-08-02
02780,2031-07-07,2031-07-07
02782,2030-10-21,2030-10-21
02783,2028-07-24,2028-11-09
02784,2027-01-09,2027-04-27
02785,2027-10-25,2028-02-10
02786,2026-10-20,2027-02-05
02787,2028-02-16,2028-06-03
02788,2030-08-16,2030-12-02
02789,2026-12-31,2027-04-18
02791,2027-08-16,2027-08-16
02792,2028-09-18,2029-01-04
02793,2026-07-08,2026-07-08
02794,2029-02-18,2029-02-18
02795,2028-04-15,2028-08-01
02797,2028-01-15,2028-05-02
02798,2027-10-25,2027-10-25
02799,2034-06-26,2034-06-26
02801,2027-01-15,2027-05-03
02802,2028-05-05,2028-08-21
02804,2031-09-21,2031-09-21
02805,2035-03-02,2035-03-02
02806,2032-06-13,2032-06-13
02807,2035-04-11,2035-04-11
02808,2028-06-24,2028-10-10
02809,2029-09-18,2030-01-04
02810,2030-09-26,2030-09-26
02811,2025-07-18,2025-10-10
02813,2030-01-30,2030-01-30
02814,2032-10-29,2032-10-29
02815,2024-08-09,2024-11-27
02817,2027-08-06,2027-11-22
02820,2026-05-17,2026-05-17
02821,2025-05-03,2025-05-03
02822,2027-07-15,2027-10-31
02825,2031-06-24,2031-06-24
02826,2025-09-05,2025-11-28
02829,2026-12-02,2027-03-20
02830,2030-01-14,2030-05-02
02831,2031-01-12,2031-01-12
02833,2028-04-07,2028-04-07
02839,2025-06-04,2025-06-04
02841,2033-01-10,2033-01-10
02843,2027-05-27,2027-05-27
02845,2035-01-10,2035-01-10
02847,2027-12-08,2028-03-25
02849,2027-11-24,2028-03-11
02850,2030-09-16,2030-09-16
02856,2030-04-25,2030-04-25
02857,2032-05-04,2032-05-04
02858,2034-01-10,2034-01-10
02859,2032-08-29,2032-08-29
02865,2031-09-26,2031-09-26
02866,2028-02-06,2028-05-24
02867,2026-12-08,2027-03-26
02868,2029-04-23,2029-08-09
02869,2031-01-30,2031-01-30
02871,2025-08-31,2025-08-31
02873,2029-07-16,2029-11-01
02874,2028-08-05,2028-11-21
02877,2028-10-02,2028-10-02
02879,2035-06-14,2035-06-14
02884,2033-04-14,2033-07-31
02886,2032-07-06,2032-07-06
02888,2029-04-30,2029-08-16
02891,2035-05-25,2035-05-25
02892,2028-12-24,2029-04-11
02895,2028-01-07,2028-04-24
02897,2033-01-17,2033-01-17
02898,2033-05-25,2033-05-25
02899,2027-07-24,2027-11-09
02900,2033-04-24,2033-04-24
02906,2025-10-08,2025-10-08
02908,2026-11-19,2026-11-19
02909,2033-09-20,2033-09-20
02913,2034-08-02,2034-08-02
02915,2032-07-09,2032-10-25
02918,2028-02-11,2028-02-11
02920,2030-02-16,2030-06-04
02922,2032-05-24,2032-05-24
02923,2030-01-17,2030-01-17
02926,2029-05-05,2029-05-05
02927,2030-05-25,2030-05-25
02928,2030-07-25,2030-11-10
02931,2028-03-26,2028-03-26
02932,2034-08-03,2034-08-03
02933,2028-02-05,2028-02-05
02934,2028-07-23,2028-11-08
02935,2030-07-02,2030-10-18
02936,2033-08-23,2033-08-23
02938,2029-07-15,2029-10-31
02939,2029-08-30,2029-08-30
02940,2032-04-23,2032-04-23
02942,2027-10-06,2028-01-22
02943,2029-02-06,2029-05-25
02944,2026-01-01,2026-04-17
02945,2033-03-12,2033-03-12
02947,2027-11-10,2028-02-26
02950,2032-09-19,2032-09-19
02952,2029-06-08,2029-09-24
02953,2031-09-20,2031-09-20
02954,2029-07-07,2029-07-07
02955,2027-12-02,2028-03-19
02956,2030-08-23,2030-08-23
02957,2033-08-03,2033-08-03
02964,2030-08-02,2030-08-02
02965,2028-11-10,2029-02-26
02966,2032-08-22,2032-08-22
02967,2028-08-07,2028-08-07
02968,2028-11-23,2028-11-23
02971,2030-03-12,2030-03-12
02972,2031-08-23,2031-08-23
02973,2031-08-02,2031-08-02
02974,2032-08-01,2032-08-01
02976,2033-03-08,2033-06-24
02977,2030-01-28,2030-05-16
02979,2030-08-03,2030-08-03
02980,2029-04-16,2029-08-02
02981,2029-05-06,2029-05-06
02982,2029-07-25,2029-11-10
02983,2026-09-24,2027-01-10
02984,2024-06-07,2024-09-06
02985,2029-01-12,2029-01-12
02986,2029-02-16,2029-06-04
02992,2025-09-26,2025-09-26
02994,2031-08-03,2031-08-03
02995,2029-04-14,2029-07-31
02997,2034-01-10,2034-01-10
02999,2032-10-20,2032-10-20
03003,2027-11-13,2028-02-29
03006,2032-08-02,2032-08-02
03007,2033-02-21,2033-02-21
03008,2028-03-07,2028-06-23
03011,2025-06-04,2025-06-04
03014,2027-12-13,2028-03-30
03015,2026-04-08,2026-04-08
03017,2029-12-27,2029-12-27
03018,2029-07-10,2029-10-26
03020,2030-12-18,2030-12-18
03021,2027-12-31,2028-04-17
03022,2028-01-03,2028-04-20
03026,2032-07-17,2032-11-02
03027,2028-04-15,2028-08-01
03031,2029-07-27,2029-07-27
03032,2028-07-26,2028-11-11
03035,2024-11-05,2024-11-12
03037,2029-07-08,2029-10-24
03039,2028-04-22,2028-08-08
03040,2034-11-15,2034-11-15
03042,2030-03-27,2030-03-27
03043,2033-01-10,2033-01-10
03048,2028-08-05,2028-11-21
03049,2030-07-03,2030-07-03
03055,2034-06-09,2034-06-09
03056,2028-01-28,2028-05-15
03059,2027-11-02,2028-02-18
03060,2031-01-10,2031-01-10
03068,2033-03-20,2033-03-20
03069,2032-01-10,2032-01-10
03071,2031-06-20,2031-06-20
03072,2030-07-09,2030-10-25
03074,2031-03-20,2031-03-20
03077,2035-06-09,2035-06-09
03082,2029-12-18,2029-12-18
03083,2028-07-15,2028-10-31
03084,2028-06-17,2028-10-03
03088,2031-11-15,2031-11-15
03089,2030-08-22,2030-08-22
03091,2029-05-06,2029-08-22
03092,2029-12-24,2030-04-11
03098,2026-06-09,2026-06-09
03099,2031-06-09,2031-06-09
03100,2029-10-20,2030-02-05
03104,2030-06-05,2030-09-21
03105,2028-04-19,2028-08-05
03106,2031-07-03,2031-07-03
03109,2028-12-08,2029-03-26
03110,2030-04-06,2030-04-06
03111,2032-12-17,2032-12-17
03113,2029-02-06,2029-05-25
03116,2029-07-22,2029-07-22
03119,2029-01-07,2029-04-25
03120,2031-01-04,2031-01-04
03121,2026-10-25,2027-02-10
03123,2024-01-05,2024-06-05
03124,2031-04-11,2031-04-11
03125,2029-10-11,2029-10-11
03126,2031-08-06,2031-11-22
03128,2029-08-06,2029-11-22
03136,2029-12-31,2029-12-31
03137,2032-05-27,2032-05-27
03138,2035-12-11,2035-12-11
03140,2028-12-02,2029-03-20
03141,2031-07-08,2031-07-08
03142,2034-12-11,2034-12-11
03143,2028-04-10,2028-04-10
03144,2034-07-23,2034-07-23
03146,2030-01-07,2030-04-25
03151,2029-01-23,2029-05-11
03153,2025-06-18,2025-06-18
03154,2033-07-23,2033-07-23
03158,2031-05-28,2031-05-28
03164,2028-10-06,2029-01-22
03165,2026-01-22,2026-01-22
03172,2032-12-03,2032-12-03
03174,2029-07-15,2029-10-31
03175,2032-07-22,2032-07-22
03177,2034-06-12,2034-06-12
03178,2027-10-30,2027-10-30
03179,2033-06-12,2033-06-12
03180,2030-07-08,2030-07-08
03181,2029-04-20,2029-08-06
03183,2029-01-23,2029-05-11
03184,2032-06-11,2032-06-11
03185,2030-04-17,2030-08-03
03187,2031-08-16,2031-12-02
03189,2029-03-12,2029-03-12
03191,2031-07-23,2031-07-23
03192,2034-12-08,2034-12-08
03195,2028-10-29,2028-10-29
03196,2026-01-15,2026-06-26
03197,2031-10-24,2032-02-09
03200,2031-06-12,2031-06-12
03207,2032-06-02,2032-09-18
03208,2028-12-06,2029-03-24
03212,2029-04-18,2029-04-18
03220,2031-12-08,2031-12-08
03221,2029-06-11,2029-09-27
03223,2034-08-19,2034-08-19
03225,2030-12-11,2030-12-11
03226,2029-11-19,2030-03-07
03227,2030-10-03,2031-01-19
03229,2026-01-17,2026-01-17
03233,2031-05-06,2031-08-22
03235,2033-08-01,2033-08-01
03236,2035-08-19,2035-08-19
03238,2030-06-11,2030-09-27
03239,2035-08-01,2035-08-01
03240,2029-12-08,2030-03-26
03242,2028-08-29,2028-08-29
03243,2026-04-16,2026-08-28
03245,2031-08-19,2031-08-19
03246,2029-02-19,2029-06-07
03247,2029-05-20,2029-09-05
03248,2028-07-06,2028-07-06
03251,2034-07-15,2034-07-15
03252,2026-02-05,2026-02-05
03253,2031-06-25,2031-10-11
03254,2028-11-13,2029-03-01
03255,2030-12-08,2030-12-08
03256,2030-03-17,2030-07-03
03258,2033-05-10,2033-05-10
03259,2035-07-15,2035-07-15
03260,2033-07-15,2033-07-15
03261,2029-04-11,2029-04-11
03262,2028-10-20,2028-10-20
03264,2030-06-03,2030-09-19
03265,2032-05-09,2032-05-09
03266,2030-08-01,2030-08-01
03267,2027-01-30,2027-01-30
03270,2029-08-06,2029-11-22
03272,2033-03-20,2033-03-20
03273,2029-10-25,2030-02-10
03274,2029-01-03,2029-04-21
03276,2031-01-14,2031-05-02
03277,2031-07-15,2031-07-15
03278,2030-03-08,2030-06-24
03279,2027-07-07,2027-07-07
03282,2034-11-24,2034-11-24
03283,2027-08-03,2027-08-03
03288,2030-09-01,2030-12-18
03289,2030-07-30,2030-11-15
03290,2029-12-02,2030-03-20
03293,2030-07-15,2030-10-31
03295,2030-01-18,2030-05-06
03296,2028-07-26,2028-07-26
03297,2031-03-20,2031-03-20
03299,2029-01-10,2029-01-10
03300,2033-11-15,2033-11-15
03302,2033-09-23,2033-09-23
03303,2030-01-23,2030-05-11
03304,2028-10-25,2029-02-10
03307,2035-11-24,2035-11-24
03308,2034-01-23,2034-05-11
03309,2031-06-11,2031-09-27
03311,2028-08-02,2028-08-02
03312,2030-03-17,2030-07-03
03313,2026-05-11,2026-05-11
03314,2030-01-15,2030-05-03
03315,2027-06-24,2027-06-24
03316,2031-11-24,2031-11-24
03317,2029-06-14,2029-06-14
03318,2030-02-10,2030-05-29
03319,2030-11-24,2030-11-24
03321,2030-07-24,2030-11-09
03322,2031-05-17,2031-09-02
03324,2026-07-14,2026-07-14
03328,2032-11-23,2032-11-23
03330,2029-12-31,2030-04-18
03331,2030-04-26,2030-08-12
03332,2030-09-23,2030-09-23
03333,2029-12-06,2030-03-24
03334,2028-06-23,2028-06-23
03335,2029-12-02,2030-03-20
03336,2031-10-03,2032-01-19
03338,2032-09-22,2032-09-22
03339,2032-08-05,2032-11-21
03341,2028-07-25,2028-11-14
03343,2034-01-17,2034-01-17
03346,2026-02-18,2026-02-18
03348,2035-01-17,2035-01-17
03349,2029-12-19,2030-04-06
03350,2029-11-13,2030-03-01
03351,2027-04-06,2027-04-06
03352,2029-07-03,2029-07-03
03355,2028-06-17,2028-06-17
03363,2035-01-23,2035-05-11
03366,2035-03-07,2035-03-07
03369,2035-04-17,2035-04-17
03370,2030-07-16,2030-11-01
03371,2033-10-24,2034-02-09
03372,2031-10-06,2032-01-22
03374,2033-09-14,2033-12-31
03375,2031-03-15,2031-07-01
03376,2031-09-14,2031-12-31
03378,2029-06-18,2029-06-18
03380,2034-12-08,2034-12-08
03381,2031-03-07,2031-03-07
03382,2031-04-17,2031-04-17
03384,2033-08-03,2033-08-03
03387,2032-06-03,2032-06-03
03388,2033-08-16,2033-12-02
03392,2030-06-19,2030-06-19
03394,2029-04-06,2029-04-06
03396,2025-12-01,2025-12-01
03397,2030-01-23,2030-05-11
03399,2026-08-08,2026-08-08
03400,2031-02-14,2031-06-02
03403,2030-08-23,2030-12-09
03404,2033-03-06,2033-03-06
03406,2033-12-27,2033-12-27
03407,2032-04-25,2032-08-11
03410,2016-03-25,2016-04-01
03413,2030-10-24,2031-02-09
03414,2030-04-14,2030-07-31
03415,2035-08-03,2035-08-03
03418,2028-03-16,2028-03-16
03421,2034-06-04,2034-06-04
03422,2032-08-31,2032-12-17
03423,2032-06-07,2032-09-23
03424,2030-05-25,2030-05-25
03428,2030-05-11,2030-05-11
03429,2031-12-08,2031-12-08
03430,2027-12-04,2027-12-04
03431,2031-01-18,2031-05-06
03432,2030-07-15,2030-10-31
03433,2028-09-01,2028-09-01
03434,2035-06-04,2035-06-04
03435,2031-06-23,2031-10-09
03439,2032-03-16,2032-07-02
03440,2033-01-15,2033-05-03
03441,2030-03-07,2030-03-07
03442,2030-04-17,2030-04-17
03445,2027-03-02,2027-03-02
03446,2031-04-14,2031-07-31
03447,2031-01-23,2031-05-11
03448,2030-12-13,2031-03-31
03449,2029-09-02,2029-09-02
03450,2031-11-19,2032-03-06
03451,2029-09-15,2029-09-15
03452,2032-01-22,2032-05-09
03453,2029-11-02,2030-02-18
03458,2032-07-01,2032-10-17
03462,2031-08-08,2031-11-24
03463,2029-12-04,2029-12-04
03465,2033-12-16,2034-04-03
03466,2030-12-06,2031-03-24
03468,2034-12-22,2034-12-22
03469,2033-03-02,2033-03-02
03470,2026-06-26,2026-06-26
03471,2025-10-18,2025-10-18
03473,2030-08-03,2030-08-03
03474,2033-12-22,2033-12-22
03478,2031-07-16,2031-11-01
03479,2034-05-06,2034-08-22
03482,2032-06-17,2032-10-03
03484,2031-07-24,2031-11-09
03485,2035-03-02,2035-03-02
03486,2028-03-19,2028-03-19
03489,2029-03-02,2029-03-02
03490,2034-03-24,2034-03-24
03491,2030-03-06,2030-03-06
03492,2031-09-07,2031-12-24
03495,2025-08-28,2025-08-28
03497,2030-06-04,2030-06-04
03498,2028-07-13,2028-07-13
03499,2031-02-06,2031-05-25
03500,2035-10-16,2035-10-16
03502,2033-03-24,2033-03-24
03507,2031-10-01,2032-01-17
03508,2029-07-14,2029-07-14
03509,2032-05-16,2032-09-01
03511,2031-03-17,2031-07-03
03513,2026-04-17,2026-04-17
03514,2025-05-03,2025-05-03
03516,2031-03-18,2031-07-04
03518,2031-03-17,2031-07-03
03521,2032-12-12,2032-12-12
03523,2031-12-22,2031-12-22
03524,2031-10-16,2031-10-16
03525,2035-04-26,2035-04-26
03526,2029-04-17,2029-04-17
03528,2033-12-13,2033-12-13
03529,2031-03-24,2031-03-24
03531,2034-12-13,2034-12-13
03532,2031-01-08,2031-04-26
03533,2029-06-28,2029-06-28
03534,2031-04-26,2031-04-26
03536,2033-03-28,2033-07-14
03538,2032-08-07,2032-11-23
03540,2029-06-07,2029-06-07
03541,2031-02-23,2031-02-23
03544,2026-04-11,2026-04-11
03545,2032-01-18,2032-05-05
03548,2015-06-11,2015-06-18
03549,2027-12-31,2027-12-31
03551,2031-12-13,2031-12-13
03552,2034-01-23,2034-05-11
03555,2031-08-08,2031-11-24
03556,2029-06-15,2029-06-15
03557,2030-10-16,2030-10-16
03558,2025-03-27,2025-03-27
03559,2033-06-06,2033-09-22
03560,2029-05-11,2029-05-11
03561,2034-01-04,2034-01-04
03562,2031-03-02,2031-06-18
03567,2032-01-04,2032-01-04
03568,2034-04-11,2034-04-11
03571,2030-03-24,2030-03-24
03572,2031-12-08,2032-03-25
03573,2027-08-15,2027-08-15
03576,2031-02-16,2031-06-04
03578,2027-03-12,2027-03-12
03579,2033-04-11,2033-04-11
03580,2029-01-10,2029-01-10
03582,2035-07-08,2035-07-08
03583,2027-04-18,2027-04-18
03584,2032-06-16,2032-10-02
03585,2033-07-08,2033-07-08
03586,2030-12-13,2030-12-13
03587,2028-08-14,2028-08-14
03588,2032-10-24,2033-02-09
03589,2032-07-07,2032-07-07
03591,2032-11-14,2033-03-02
03592,2032-04-29,2032-08-15
03593,2032-08-05,2032-11-21
03595,2032-06-24,2032-10-10
03596,2035-05-22,2035-05-22
03597,2032-08-21,2032-12-07
03600,2033-04-10,2033-07-27
03601,2031-11-30,2032-03-17
03602,2030-06-28,2030-06-28
03603,2029-10-25,2029-10-25
03604,2030-10-23,2030-10-23
03605,2033-01-29,2033-05-17
03606,2031-01-25,2031-05-13
03608,2030-12-18,2030-12-18
03609,2030-12-01,2030-12-01
03611,2035-03-16,2035-03-16
03613,2029-10-30,2029-10-30
03614,2034-04-23,2034-08-09
03615,2033-03-16,2033-03-16
03617,2033-04-20,2033-08-06
03619,2032-01-26,2032-05-13
03621,2033-03-17,2033-07-03
03622,2032-06-05,2032-09-21
03623,2031-01-28,2031-05-16
03626,2031-09-24,2032-01-10
03628,2035-07-09,2035-10-25
03629,2032-01-03,2032-04-20
03630,2026-07-23,2026-07-23
03631,2029-07-03,2029-07-03
03632,2030-10-12,2030-10-12
03633,2035-12-24,2035-12-24
03634,2033-02-24,2033-06-12
03635,2025-08-19,2025-08-19
03637,2032-07-15,2032-10-31
03639,2018-08-31,2018-09-07
03640,2031-01-09,2031-04-27
03641,2032-02-14,2032-06-01
03642,2032-04-19,2032-08-05
03643,2027-11-22,2027-11-22
03644,2032-08-22,2032-12-08
03646,2026-07-15,2026-07-15
03648,2025-07-21,2025-07-21
03650,2028-11-21,2028-11-21
03653,2032-01-23,2032-05-10
03656,2033-05-26,2033-05-26
03657,2031-12-24,2031-12-24
03658,2032-07-07,2032-10-23
03659,2031-04-17,2031-08-03
03660,2034-04-30,2034-08-16
03661,2035-05-26,2035-05-26
03662,2031-05-30,2031-09-15
03663,2032-02-16,2032-06-03
03664,2032-01-08,2032-04-25
03667,2028-06-07,2028-06-07
03668,2031-07-21,2031-07-21
03671,2031-05-26,2031-05-26
03672,2035-01-14,2035-05-02
03673,2032-06-22,2032-10-08
03675,2032-01-14,2032-05-01
03676,2033-07-18,2033-11-03
03677,2025-03-25,2025-03-25
03678,2028-09-29,2028-09-29
03679,2031-07-30,2031-11-15
03681,2033-08-08,2033-11-24
03683,2029-09-30,2029-09-30
03685,2035-02-26,2035-02-26
03687,2034-02-26,2034-02-26
03688,2032-04-16,2032-08-02
03690,2030-05-26,2030-05-26
03692,2025-08-02,2025-08-02
03693,2033-02-26,2033-02-26
03694,2025-03-25,2025-03-25
03695,2031-12-19,2032-04-05
03696,2032-02-24,2032-06-11
03697,2032-01-18,2032-05-05
03698,2034-07-16,2034-11-01
03699,2026-10-21,2026-10-21
03700,2033-07-14,2033-07-14
03703,2033-07-27,2033-11-12
03705,2030-11-22,2030-11-22
03706,2031-12-06,2032-03-23
03707,2034-06-13,2034-06-13
03708,2032-07-28,2032-07-28
03710,2026-01-10,2026-01-10
03711,2032-07-26,2032-11-11
03712,2032-12-02,2033-03-20
03713,2029-09-08,2029-09-08
03715,2032-07-14,2032-10-30
03716,2033-12-31,2033-12-31
03717,2034-09-24,2034-09-24
03719,2032-10-19,2032-10-19
03721,2026-08-31,2026-08-31
03723,2029-04-09,2029-04-09
03724,2026-07-03,2026-07-03
03727,2034-07-29,2034-07-29
03728,2031-07-14,2031-07-14
03729,2026-11-03,2026-11-03
03730,2032-10-06,2033-01-22
03731,2032-04-13,2032-07-30
03732,2033-04-23,2033-08-09
03733,2032-11-10,2033-02-26
03739,2035-09-24,2035-09-24
03740,2032-04-29,2032-08-15
03741,2032-03-13,2032-06-29
03742,2031-12-31,2031-12-31
03745,2033-01-23,2033-05-11
03748,2031-12-25,2032-04-11
03749,2031-12-13,2032-03-30
03750,2033-07-15,2033-10-31
03752,2031-09-24,2031-09-24
03753,2032-12-25,2033-04-12
03754,2029-07-02,2029-07-02
03755,2027-10-04,2027-10-04
03756,2025-03-17,2025-03-17
03759,2033-10-20,2033-10-20
03761,2026-03-17,2026-03-17
03763,2035-10-20,2035-10-20
03764,2030-07-14,2030-07-14
03767,2032-02-06,2032-05-24
03768,2028-06-18,2028-06-18
03769,2027-08-09,2027-08-09
03771,2033-05-27,2033-05-27
03772,2026-09-15,2026-09-15
03773,2033-12-28,2033-12-28
03774,2027-06-19,2027-06-19
03775,2032-04-25,2032-04-25
03777,2035-05-27,2035-05-27
03778,2032-11-30,2033-03-18
03780,2032-07-14,2032-10-30
03782,2031-12-31,2032-04-17
03784,2028-08-27,2028-08-27
03785,2034-10-30,2034-10-30
03787,2027-03-07,2027-03-07
03788,2028-12-23,2028-12-23
03790,2033-10-30,2033-10-30
03791,2034-06-08,2034-09-24
03792,2028-03-06,2028-03-06
03794,2025-03-20,2025-03-20
03795,2035-07-15,2035-10-31
03796,2032-10-06,2033-01-22
03797,2031-11-14,2032-03-01
03798,2035-02-19,2035-06-07
03800,2033-07-25,2033-11-10
03801,2032-11-02,2033-02-18
03804,2032-11-15,2033-03-03
03805,2034-03-27,2034-03-27
03807,2035-10-30,2035-10-30
03808,2034-08-16,2034-12-02
03809,2035-04-26,2035-04-26
03810,2026-04-17,2026-04-17
03811,2030-12-31,2030-12-31
03812,2029-08-28,2029-08-28
03813,2025-10-19,2025-10-19
03814,2029-12-24,2029-12-24
03815,2028-12-30,2028-12-30
03816,2031-10-25,2031-10-25
03817,2033-03-27,2033-03-27
03820,2026-10-19,2026-10-19
03821,2034-07-16,2034-11-01
03822,2033-08-06,2033-11-22
03823,2030-09-24,2030-09-24
03825,2027-03-06,2027-03-06
03827,2030-07-29,2030-07-29
03828,2028-12-07,2028-12-07
03829,2035-10-07,2035-10-07
03830,2028-03-05,2028-03-05
03831,2033-10-07,2033-10-07
03834,2032-10-13,2033-01-29
03835,2031-10-30,2031-10-30
03836,2033-07-03,2033-07-03
03837,2035-08-06,2035-11-22
03838,2033-04-17,2033-08-03
03840,2030-10-20,2030-10-20
03841,2031-04-26,2031-04-26
03842,2025-03-12,2025-03-12
03843,2030-11-22,2030-11-22
03845,2030-08-30,2030-08-30
03846,2018-09-28,2018-10-05
03847,2033-01-08,2033-04-26
03848,2035-08-06,2035-11-22
03850,2033-04-26,2033-08-12
03852,2035-08-30,2035-08-30
03853,2032-01-15,2032-05-02
03855,2033-06-30,2033-06-30
03856,2033-06-17,2033-10-03
03857,2034-06-30,2034-06-30
03858,2031-12-21,2032-04-07
03859,2035-06-30,2035-06-30
03860,2028-05-05,2028-05-05
03862,2033-02-06,2033-05-25
03863,2027-05-06,2027-05-06
03867,2032-05-05,2032-05-05
03869,2031-11-10,2032-02-26
03870,2029-02-02,2029-02-02
03873,2030-05-06,2030-05-06
03875,2030-11-12,2030-11-12
03876,2028-06-03,2028-06-03
03877,2032-02-02,2032-02-02
03879,2033-05-06,2033-05-06
03881,2035-05-06,2035-05-06
03882,2032-07-04,2032-10-20
03883,2032-11-19,2033-03-07
03884,2032-06-03,2032-06-03
03885,2028-10-17,2028-10-17
03888,2025-08-02,2025-08-02
03891,2035-04-20,2035-08-06
03893,2025-09-15,2025-09-15
03895,2032-07-08,2032-10-24
03896,2026-11-24,2026-11-24
03897,2025-06-15,2025-06-15
03898,2033-11-10,2034-02-26
03899,2033-11-24,2033-11-24
03901,2033-02-19,2033-06-07
03902,2033-12-08,2034-03-26
03903,2028-04-20,2028-04-20
03904,2033-11-15,2034-03-03
03905,2031-11-24,2031-11-24
03907,2029-04-21,2029-04-21
03908,2032-03-01,2032-03-01
03909,2030-02-02,2030-02-02
03910,2030-11-24,2030-11-24
03911,2034-11-24,2034-11-24
03912,2031-06-04,2031-06-04
03913,2034-01-29,2034-05-17
03914,2032-10-03,2033-01-19
03915,2033-07-02,2033-10-18
03916,2031-10-18,2031-10-18
03920,2030-04-21,2030-04-21
03921,2035-11-24,2035-11-24
03922,2034-12-31,2035-04-18
03923,2031-04-21,2031-04-21
03924,2034-06-04,2034-06-04
03925,2033-06-05,2033-09-21
03926,2027-01-22,2027-01-22
03927,2029-08-02,2029-08-02
03930,2033-04-21,2033-04-21
03932,2029-09-15,2029-09-15
03934,2026-05-26,2026-05-26
03935,2033-06-18,2033-10-04
03936,2033-04-16,2033-08-02
03937,2028-09-14,2028-09-14
03938,2033-09-01,2033-12-18
03942,2033-01-25,2033-05-13
03944,2027-08-02,2027-08-02
03946,2034-07-18,2034-11-03
03948,2030-07-24,2030-07-24
03951,2027-09-15,2027-09-15
03952,2028-06-03,2028-06-03
03953,2033-03-02,2033-03-02
03955,2029-06-04,2029-06-04
03957,2025-06-13,2025-06-13
03963,2033-09-14,2033-12-31
03964,2025-09-24,2025-09-24
03965,2031-03-02,2031-03-02
03966,2027-06-04,2027-06-04
03967,2032-12-16,2033-04-03
03969,2026-07-29,2026-07-29
03971,2025-10-20,2025-10-20
03972,2032-04-11,2032-04-11
03973,2035-07-18,2035-11-03
03975,2027-06-15,2027-06-15
03976,2034-01-25,2034-05-13
03977,2033-10-20,2034-02-05
03978,2025-10-25,2025-10-25
03979,2030-03-02,2030-03-02
03980,2032-11-02,2032-11-02
03981,2025-04-26,2025-04-26
03984,2035-09-01,2035-12-18
03985,2034-01-23,2034-05-11
03986,2034-04-12,2034-04-12
03987,2026-10-30,2026-10-30
03988,2026-04-26,2026-04-26
03989,2032-09-14,2032-09-14
03990,2034-02-06,2034-05-25
03991,2033-12-13,2034-03-31
03992,2033-01-22,2033-01-22
03993,2033-05-22,2033-05-22
03995,2032-11-23,2032-11-23
03997,2034-04-16,2034-08-02
03998,2034-05-22,2034-05-22
04000,2027-12-01,2027-12-01
04002,2029-12-01,2029-12-01
04003,2032-06-03,2032-06-03
04004,2034-11-03,2034-11-03
04005,2031-04-12,2031-04-12
04006,2031-01-22,2031-01-22
04008,2024-11-29,2025-02-14
04010,2033-07-30,2033-11-15
04011,2035-11-03,2035-11-03
04012,2035-02-19,2035-06-07
04013,2031-11-03,2031-11-03
04014,2034-12-25,2035-04-12
04016,2034-04-10,2034-07-27
04018,2033-02-16,2033-06-04
04019,2030-04-12,2030-04-12
04020,2033-08-02,2033-08-02
04022,2034-03-17,2034-07-03
04023,2033-06-11,2033-09-27
04024,2029-03-16,2029-03-16
04027,2034-05-20,2034-09-05
04028,2030-01-22,2030-01-22
04031,2030-05-22,2030-05-22
04033,2026-11-30,2026-11-30
04034,2030-11-03,2030-11-03
04037,2033-10-25,2034-02-10
04038,2034-02-06,2034-05-25
04040,2031-09-15,2031-09-15
04041,2025-04-09,2025-04-09
04042,2032-10-22,2032-10-22
04044,2033-11-19,2034-03-07
04045,2029-07-21,2029-07-21
04046,2028-07-20,2028-07-20
04047,2035-03-28,2035-07-14
04048,2034-08-04,2034-08-04
04050,2033-08-04,2033-08-04
04051,2027-05-26,2027-05-26
04053,2029-05-26,2029-05-26
04054,2034-07-08,2034-10-24
04055,2034-01-03,2034-04-21
04056,2034-06-04,2034-06-04
04058,2035-09-05,2035-12-22
04060,2032-11-30,2032-11-30
04062,2034-10-06,2035-01-22
04063,2030-09-15,2030-09-15
04064,2035-03-08,2035-06-24
04065,2026-12-23,2026-12-23
04066,2033-12-26,2034-04-13
04067,2029-02-26,2029-02-26
04068,2026-10-04,2026-10-04
04069,2025-08-28,2025-08-28
04070,2033-05-22,2033-05-22
04071,2028-02-26,2028-02-26
04072,2034-08-06,2034-11-22
04073,2030-08-04,2030-08-04
04075,2035-06-15,2035-06-15
04076,2035-02-06,2035-05-25
04078,2030-06-04,2030-06-04
04080,2031-06-28,2031-06-28
04081,2034-03-17,2034-07-03
04082,2034-04-20,2034-08-06
04083,2034-01-15,2034-05-03
04084,2033-06-28,2033-06-28
04085,2034-08-22,2034-12-08
04086,2033-10-23,2033-10-23
04087,2034-01-22,2034-05-10
04088,2034-06-28,2034-06-28
04089,2034-10-23,2034-10-23
04090,2027-12-18,2027-12-18
04091,2027-09-24,2027-09-24
04092,2035-01-15,2035-05-03
04093,2034-12-18,2034-12-18
04094,2030-06-15,2030-06-15
04095,2029-06-13,2029-06-13
04097,2028-10-19,2028-10-19
04098,2031-12-18,2031-12-18
04099,2033-03-18,2033-07-04
04100,2035-06-28,2035-06-28
04101,2028-05-26,2028-05-26
04102,2034-06-27,2034-06-27
04103,2034-09-18,2035-01-04
04107,2035-12-18,2035-12-18
04108,2035-12-01,2035-12-01
04111,2031-01-22,2031-05-10
04112,2031-12-01,2031-12-01
04113,2035-06-27,2035-06-27
04114,2035-03-02,2035-06-18
04116,2034-05-22,2034-05-22
04118,2030-05-22,2030-05-22
04120,2034-07-10,2034-10-26
04121,2034-02-21,2034-06-09
04123,2031-06-27,2031-06-27
04125,2029-10-20,2029-10-20
04130,2030-06-06,2030-09-22
04132,2028-10-29,2028-10-29
04133,2032-10-25,2033-02-10
04135,2034-12-16,2035-04-03
04136,2029-12-08,2029-12-08
04138,2025-04-18,2025-04-18
04139,2030-12-28,2030-12-28
04140,2035-04-10,2035-07-27
04141,2031-03-27,2031-03-27
04142,2033-12-06,2034-03-24
04143,2030-10-25,2030-10-25
04144,2026-03-12,2026-03-12
04147,2027-03-02,2027-03-02
04148,2026-06-17,2026-06-17
04149,2025-03-06,2025-03-06
04155,2028-03-01,2028-03-01
04156,2031-07-03,2031-07-03
04158,2034-08-31,2034-08-31
04159,2029-10-06,2030-01-22
04160,2035-06-03,2035-09-19
04161,2026-03-12,2026-03-12
04163,2034-03-25,2034-03-25
04165,2032-08-30,2032-08-30
04166,2027-03-24,2027-03-24
04167,2035-08-16,2035-12-02
04169,2030-04-26,2030-04-26
04171,2025-10-30,2025-10-30
04172,2026-04-18,2026-04-18
04175,2033-09-24,2034-01-10
04177,2027-02-23,2027-02-23
04178,2027-03-25,2027-03-25
04180,2027-12-13,2027-12-13
04181,2028-03-23,2028-03-23
04182,2035-02-24,2035-06-12
04187,2034-07-30,2034-11-15
04188,2026-04-11,2026-04-11
04190,2028-02-23,2028-02-23
04191,2035-01-26,2035-05-14
04192,2027-12-31,2027-12-31
04193,2028-12-12,2028-12-12
04194,2035-02-06,2035-05-25
04198,2034-03-15,2034-07-01
04199,2035-01-08,2035-04-26
04200,2026-04-11,2026-04-11
04204,2035-03-18,2035-07-04
04205,2028-12-30,2028-12-30
04210,2035-06-08,2035-06-08
04211,2029-03-02,2029-03-02
04212,2033-06-08,2033-06-08
04214,2025-07-10,2025-07-10
04215,2030-10-07,2030-10-07
04216,2034-10-24,2035-02-09
04218,2029-03-24,2029-03-24
04219,2029-04-26,2029-04-26
04220,2032-06-07,2032-06-07
04221,2026-06-09,2026-06-09
04223,2033-09-30,2033-09-30
04225,2035-06-05,2035-09-21
04226,2030-07-03,2030-07-03
04227,2026-01-10,2026-01-10
04229,2033-10-08,2033-10-08
04230,2031-03-14,2031-06-30
04232,2025-07-07,2025-07-07
04234,2035-10-08,2035-10-08
04235,2029-12-13,2029-12-13
04238,2025-09-30,2025-09-30
04239,2031-03-25,2031-03-25
04240,2028-05-27,2028-05-27
04241,2035-05-17,2035-05-17
04242,2032-09-29,2032-09-29
04244,2035-01-19,2035-01-19
04245,2032-11-29,2032-11-29
04248,2032-10-07,2032-10-07
04249,2033-05-17,2033-05-17
04250,2033-01-19,2033-01-19
04251,2033-11-13,2034-03-01
04253,2035-05-20,2035-09-05
04255,2033-09-08,2033-09-08
04256,2025-11-22,2025-11-22
04257,2029-04-11,2029-04-11
04258,2032-09-07,2032-09-07
04259,2029-10-03,2030-01-19
04261,2035-07-15,2035-10-31
04263,2035-06-25,2035-10-11
04264,2035-04-09,2035-04-09
04266,2032-04-08,2032-04-08
04268,2026-06-14,2026-06-14
04269,2029-05-28,2029-05-28
04270,2034-11-22,2034-11-22
04271,2029-12-11,2030-03-29
04272,2025-12-01,2025-12-01
04274,2027-08-19,2027-08-19
04278,2019-09-27,2019-10-04
04279,2032-08-15,2032-08-15
04281,2031-11-30,2031-11-30
04282,2031-10-08,2031-10-08
04285,2030-08-31,2030-08-31
04287,2032-11-21,2032-11-21
04291,2026-05-05,2026-05-05
04293,2035-08-16,2035-08-16
04294,2035-08-08,2035-11-24
04296,2034-10-01,2034-10-01
04297,2034-11-15,2035-03-03
04298,2026-08-30,2026-08-30
04299,2029-07-23,2029-07-23
04300,2027-07-15,2027-07-15
04302,2031-05-17,2031-05-17
04304,2031-01-19,2031-01-19
04305,2028-05-09,2028-05-09
04306,2026-07-07,2026-07-07
04308,2035-10-01,2035-10-01
04309,2035-04-16,2035-08-02
04310,2034-09-27,2034-09-27
04311,2026-12-03,2026-12-03
04313,2030-10-13,2031-01-29
04316,2028-07-14,2028-07-14
04317,2034-12-23,2034-12-23
04318,2032-09-26,2032-09-26
04320,2030-01-22,2030-01-22
04321,2032-07-01,2032-07-01
04323,2033-09-27,2033-09-27
04324,2032-12-22,2032-12-22
04325,2033-07-02,2033-07-02
04326,2027-11-24,2027-11-24
04328,2029-08-19,2029-08-19
04329,2031-08-16,2031-08-16
04330,2031-11-22,2031-11-22
04331,2034-07-24,2034-11-09
04332,2035-09-27,2035-09-27
04335,2033-12-23,2033-12-23
04337,2028-11-23,2028-11-23
04338,2034-11-02,2035-02-18
04341,2032-10-02,2032-10-02
04343,2029-07-15,2029-07-15
04344,2034-08-07,2034-08-07
04345,2031-10-01,2031-10-01
04346,2034-10-03,2034-10-03
04349,2030-09-30,2030-09-30
04350,2035-07-02,2035-10-18
04352,2033-08-07,2033-08-07
04353,2030-11-30,2030-11-30
04354,2026-09-26,2026-09-26
04355,2026-01-30,2026-01-30
04356,2026-07-27,2026-07-27
04357,2034-11-24,2035-03-12
04358,2031-09-27,2031-09-27
04360,2027-01-17,2027-01-17
04361,2027-05-25,2027-05-25
04364,2035-05-30,2035-09-15
04366,2025-10-21,2025-10-21
04367,2035-08-07,2035-08-07
04368,2030-05-17,2030-05-17
04369,2030-01-19,2030-01-19
04370,2026-07-07,2026-07-07
04371,2035-10-03,2035-10-03
04372,2027-09-20,2027-09-20
04373,2028-05-24,2028-05-24
04374,2032-06-18,2032-06-18
04375,2030-09-08,2030-09-08
04376,2032-08-27,2032-08-27
04377,2031-12-23,2031-12-23
04378,2027-08-23,2027-08-23
04379,2030-04-09,2030-04-09
04382,2032-12-23,2032-12-23
04384,2025-12-09,2025-12-09
04385,2034-08-28,2034-08-28
04386,2031-08-07,2031-08-07
04387,2033-08-09,2033-08-09
04388,2034-12-24,2034-12-24
04390,2031-10-03,2031-10-03
04395,2030-08-16,2030-08-16
04396,2030-11-22,2030-11-22
04397,2032-03-06,2032-03-06
04400,2026-09-16,2026-09-16
04401,2032-05-24,2032-05-24
04402,2033-08-28,2033-08-28
04403,2032-05-10,2032-05-10
04404,2028-10-20,2028-10-20
04405,2031-10-04,2031-10-04
04407,2033-12-24,2033-12-24
04409,2026-06-24,2026-06-24
04411,2035-10-04,2035-10-04
04415,2033-05-25,2033-05-25
04416,2025-01-22,2025-01-22
04418,2029-01-17,2029-01-17
04420,2029-05-25,2029-05-25
04421,2032-03-06,2032-03-06
04423,2025-06-07,2025-06-07
04424,2028-12-10,2028-12-10
04427,2030-10-01,2030-10-01
04428,2028-01-10,2028-01-10
04430,2031-08-28,2031-08-28
04431,2029-09-20,2029-09-20
04433,2031-08-09,2031-08-09
04434,2035-08-09,2035-08-09
04435,2031-06-19,2031-06-19
04436,2035-06-19,2035-06-19
04437,2034-10-13,2035-01-29
04439,2030-07-02,2030-07-02
04442,2029-10-21,2029-10-21
04443,2031-08-28,2031-08-28
04445,2027-11-03,2027-11-03
04447,2026-02-11,2026-02-11
04448,2031-12-24,2031-12-24
04449,2030-12-23,2030-12-23
04450,2028-07-02,2028-07-02
04451,2034-03-07,2034-03-07
04452,2026-05-23,2026-05-23
04454,2025-11-12,2025-11-12
04456,2029-12-11,2029-12-11
04457,2033-04-17,2033-04-17
04458,2029-01-10,2029-01-10
04459,2034-04-17,2034-04-17
04465,2035-05-11,2035-05-11
04466,2033-12-31,2033-12-31
04468,2031-05-25,2031-05-25
04469,2030-08-07,2030-08-07
04470,2025-04-27,2025-04-27
04471,2026-08-02,2026-08-02
04472,2032-12-07,2032-12-07
04473,2030-04-30,2030-08-16
04474,2029-12-24,2029-12-24
04475,2033-11-15,2033-11-15
04477,2033-06-09,2033-06-09
04479,2025-11-04,2025-11-04
04480,2029-08-13,2029-08-13
04481,2030-01-22,2030-01-22
04483,2032-07-02,2032-07-02
04484,2027-11-22,2027-11-22
04486,2034-03-27,2034-03-27
04488,2029-06-24,2029-06-24
04489,2033-03-27,2033-03-27
04490,2026-03-27,2026-03-27
04491,2028-11-21,2028-11-21
04494,2031-08-22,2031-08-22
04495,2031-06-09,2031-06-09
04496,2030-12-05,2030-12-05
04498,2035-05-06,2035-08-22
04501,2026-03-18,2026-03-18
04502,2030-05-27,2030-05-27
04507,2031-06-18,2031-06-18
04508,2031-04-06,2031-04-06
04509,2030-03-17,2030-03-17
04512,2030-07-24,2030-07-24
04513,2035-06-18,2035-06-18
04514,2031-01-22,2031-01-22
04517,2025-07-08,2025-07-08
04518,2032-06-08,2032-06-08
04519,2030-09-02,2030-09-02
04522,2029-11-01,2029-11-01
04524,2031-05-27,2031-05-27
04525,2031-12-05,2031-12-05
04526,2029-02-11,2029-02-11
04527,2032-06-17,2032-06-17
04529,2031-05-27,2031-05-27
04530,2025-04-17,2025-04-17
04531,2030-07-24,2030-07-24
04532,2025-05-10,2025-05-10
04534,2031-03-17,2031-03-17
04538,2027-01-22,2027-01-22
04539,2034-08-22,2034-08-22
04543,2030-09-15,2030-09-15
04544,2034-06-09,2034-06-09
04545,2032-01-22,2032-01-22
04546,2033-06-18,2033-06-18
04547,2033-04-06,2033-04-06
04548,2029-09-06,2029-09-06
04549,2026-08-16,2026-08-16
04551,2031-09-02,2031-09-02
04553,2029-03-27,2029-03-27
04555,2034-06-18,2034-06-18
04560,2032-12-04,2032-12-04
04561,2028-06-06,2028-06-06
04562,2033-01-22,2033-01-22
04563,2026-06-18,2026-06-18
04565,2035-12-05,2035-12-05
04566,2031-07-24,2031-07-24
04568,2029-08-02,2029-08-02
04570,2029-02-05,2029-02-05
04571,2034-01-22,2034-01-22
04572,2031-09-15,2031-09-15
04574,2025-03-26,2025-03-26
04575,2033-12-05,2033-12-05
04577,2029-02-09,2029-02-09
04580,2028-06-14,2028-06-14
04582,2030-03-12,2030-03-12
04584,2035-03-17,2035-03-17
04585,2029-11-05,2029-11-05
04586,2026-10-09,2026-10-09
04587,2025-01-22,2025-01-22
04589,2030-11-24,2030-11-24
04591,2032-09-01,2032-09-01
04592,2034-12-05,2034-12-05
04595,2033-03-17,2033-03-17
04597,2029-06-27,2029-06-27
04599,2030-03-02,2030-03-02
04600,2032-07-23,2032-07-23
04603,2026-05-27,2026-05-27
04604,2031-03-12,2031-03-12
04606,2027-02-05,2027-02-05
04607,2035-09-02,2035-09-02
04610,2030-03-20,2030-03-20
04611,2029-09-09,2029-09-09
04612,2030-12-23,2030-12-23
04615,2031-11-24,2031-11-24
04616,2032-09-14,2032-09-14
04618,2029-08-08,2029-08-08
04619,2025-06-04,2025-06-04
04620,2029-11-24,2029-11-24
04621,2033-09-02,2033-09-02
04623,2034-03-17,2034-03-17
04625,2035-09-15,2035-09-15
04627,2030-05-21,2030-05-21
04628,2031-03-02,2031-03-02
04630,2029-11-22,2029-11-22
04632,2028-02-05,2028-02-05
04633,2033-07-24,2033-07-24
04634,2028-11-11,2028-11-11
04635,2025-11-05,2025-11-05
04636,2026-11-01,2026-11-01
04644,2034-09-02,2034-09-02
04645,2026-12-13,2027-03-31
04646,2031-12-23,2031-12-23
04647,2029-05-02,2029-05-02
04648,2029-06-07,2029-06-07
04649,2029-06-07,2029-06-07
04650,2025-12-10,2025-12-10
04653,2025-07-04,2025-07-04
04655,2025-03-29,2025-03-29
04656,2032-11-23,2032-11-23
04658,2034-07-24,2034-07-24
04659,2030-04-17,2030-04-17
04660,2026-09-21,2026-09-21
04661,2034-09-15,2034-09-15
04663,2028-05-21,2028-05-21
04664,2032-03-01,2032-03-01
04666,2030-06-07,2030-06-07
04667,2028-04-26,2028-04-26
04668,2028-03-03,2028-03-03
04669,2030-09-13,2030-09-13
04670,2025-08-13,2025-08-13
04671,2025-10-31,2025-10-31
04672,2031-04-17,2031-04-17
04673,2025-04-25,2025-04-25
04679,2030-10-19,2030-10-19
04680,2028-05-26,2028-05-26
04681,2027-07-14,2027-07-14
04683,2029-03-20,2029-03-20
04684,2027-05-11,2027-05-11
04687,2035-12-23,2035-12-23
04689,2030-06-15,2030-06-15
04690,2030-05-11,2030-05-11
04691,2031-09-13,2031-09-13
04694,2030-01-10,2030-01-10
04695,2027-02-18,2027-02-18
04698,2027-05-22,2027-05-22
04700,2029-11-12,2029-11-12
04702,2034-11-24,2034-11-24
04705,2031-06-07,2031-06-07
04706,2031-09-13,2031-09-13
04707,2032-03-19,2032-03-19
04708,2030-06-24,2030-06-24
04709,2025-01-12,2025-01-12
04712,2027-11-19,2027-11-19
04714,2028-02-09,2028-02-09
04715,2031-06-15,2031-06-15
04717,2031-05-11,2031-05-11
04719,2030-10-11,2030-10-11
04720,2030-12-31,2030-12-31
04721,2029-02-12,2029-02-12
04723,2032-12-22,2032-12-22
04725,2031-01-10,2031-01-10
04730,2025-11-01,2025-11-01
04731,2034-03-02,2034-03-02
04733,2031-06-24,2031-06-24
04734,2032-05-20,2032-05-20
04737,2033-03-20,2033-03-20
04738,2033-12-23,2033-12-23
04739,2030-06-17,2030-06-17
04743,2027-08-31,2027-08-31
04746,2030-08-15,2030-08-15
04748,2031-10-11,2031-10-11
04750,2031-12-31,2031-12-31
04752,2033-05-21,2033-05-21
04755,2030-06-26,2030-06-26
04756,2034-03-20,2034-03-20
04757,2034-12-23,2034-12-23
04761,2030-04-18,2030-04-18
04762,2030-06-26,2030-06-26
04763,2030-03-02,2030-03-02
04765,2029-11-22,2029-11-22
04766,2034-05-21,2034-05-21
04769,2030-12-03,2030-12-03
04771,2032-04-16,2032-04-16
04772,2030-03-02,2030-03-02
04777,2028-03-28,2028-03-28
04788,2029-10-09,2029-10-09
04791,2027-07-26,2027-07-26
04792,2028-07-13,2028-07-13
04793,2026-06-19,2026-06-19
04795,2028-11-30,2028-11-30
04796,2030-04-11,2030-04-11
04797,2025-07-26,2025-07-26
04799,2026-10-26,2026-10-26
04801,2028-05-10,2028-05-10
04802,2032-09-12,2032-09-12
04803,2026-05-02,2026-05-09
04806,2031-06-17,2031-06-17
04807,2031-08-15,2031-08-15
04810,2025-01-15,2025-01-15
04811,2032-10-18,2032-10-18
04815,2032-06-14,2032-06-14
04817,2031-04-18,2031-04-18
04818,2028-03-19,2028-03-19
04819,2031-06-26,2031-06-26
04822,2027-10-18,2027-10-18
04824,2035-01-10,2035-01-10
04826,2028-05-21,2028-05-21
04827,2027-04-08,2027-04-08
04828,2032-05-10,2032-05-10
04829,2031-03-20,2031-03-20
04832,2025-01-22,2025-01-22
04834,2029-02-23,2029-02-23
04835,2031-03-02,2031-03-02
04839,2030-01-10,2030-01-10
04840,2033-09-13,2033-09-13
04843,2030-03-04,2030-03-04
04845,2031-04-11,2031-04-11
04846,2030-06-14,2030-06-14
04849,2034-09-13,2034-09-13
04850,2032-01-10,2032-01-10
04853,2028-05-21,2028-05-21
04855,2030-10-30,2030-10-30
04858,2034-10-19,2034-10-19
04859,2030-03-24,2030-03-24
04864,2033-10-19,2033-10-19
04866,2025-12-27,2025-12-27
04867,2033-05-11,2033-05-11
04868,2026-11-22,2026-11-22
04870,2034-06-15,2034-06-15
04871,2029-12-09,2029-12-09
04873,2030-01-22,2030-01-22
04874,2034-02-10,2034-02-10
04876,2029-05-03,2029-05-03
04877,2030-02-05,2030-02-05
04878,2027-01-15,2027-01-15
04879,2031-02-18,2031-02-18
04884,2033-08-16,2033-08-16
04885,2027-07-22,2027-07-22
04889,2029-03-28,2029-03-28
04891,2029-03-26,2029-03-26
04893,2025-11-15,2025-11-15
04895,2030-02-18,2030-02-18
04897,2033-12-09,2033-12-09
04899,2032-01-22,2032-01-22
04900,2027-06-12,2027-06-12
04902,2027-01-22,2027-01-22
04904,2031-03-29,2031-03-29
04906,2027-09-05,2027-09-05
04907,2034-08-16,2034-08-16
04908,2029-07-04,2029-07-04
04909,2031-04-08,2031-04-08
04910,2028-07-03,2028-07-03
04911,2030-03-29,2030-03-29
04914,2035-10-09,2035-10-09
04915,2026-04-26,2026-04-26
04916,2025-10-31,2025-10-31
04917,2034-12-09,2034-12-09
04918,2029-07-08,2029-07-08
04919,2030-04-08,2030-04-08
04924,2035-04-13,2035-04-13
04926,2026-06-02,2026-06-02
04929,2031-06-02,2031-06-02
04932,2035-07-30,2035-07-30
04933,2035-02-10,2035-02-10
04934,2029-11-05,2029-11-05
04935,2028-08-01,2028-08-01
04936,2028-02-08,2028-02-08
04937,2027-01-28,2027-01-28
04938,2035-08-07,2035-08-07
04941,2030-06-02,2030-06-02
04943,2029-04-10,2029-04-10
04944,2031-02-09,2031-02-09
04945,2026-12-20,2026-12-20
04947,2028-03-01,2028-03-01
04950,2034-03-28,2034-03-28
04952,2027-04-14,2027-04-14
04953,2035-12-09,2035-12-09
04954,2031-06-15,2031-06-15
04955,2026-09-06,2026-09-06
04957,2027-11-24,2027-11-24
04959,2027-10-07,2027-10-07
04960,2031-10-31,2031-10-31
04961,2028-03-28,2028-03-28
04962,2029-12-21,2029-12-21
04968,2030-02-09,2030-02-09
04969,2030-06-15,2030-06-15
04971,2029-12-20,2029-12-20
04975,2035-01-10,2035-01-10
04976,2027-09-05,2027-09-05
04977,2026-07-07,2026-07-07
04978,2029-05-17,2029-05-17
04983,2028-04-02,2028-04-02
04985,2028-05-01,2028-05-01
04986,2030-10-31,2030-10-31
04987,2027-02-28,2027-02-28
04988,2029-04-15,2029-04-15
04992,2032-04-07,2032-04-07
04993,2028-04-24,2028-04-24
04994,2027-07-24,2027-07-24
04998,2029-10-17,2029-10-17
05000,2034-01-22,2034-01-22
05001,2029-06-18,2029-06-18
05002,2025-09-17,2025-09-17
05004,2026-10-03,2026-10-03
05008,2034-02-05,2034-02-05
05009,2029-01-13,2029-01-13
05010,2030-09-17,2030-09-17
05018,2032-06-01,2032-06-01
05021,2030-02-18,2030-02-18
05023,2033-01-22,2033-01-22
05024,2032-02-09,2032-02-09
05030,2031-08-22,2031-08-22
05032,2030-08-22,2030-08-22
05035,2032-06-14,2032-06-14
05036,2032-10-30,2032-10-30
05038,2035-01-22,2035-01-22
05041,2034-02-18,2034-02-18
05042,2032-09-16,2032-09-16
05047,2033-02-05,2033-02-05
05048,2032-01-22,2032-01-22
05049,2031-08-12,2031-08-12
05051,2028-01-12,2028-01-12
05052,2031-01-10,2031-01-10
05053,2030-08-12,2030-08-12
05057,2027-05-02,2027-05-02
05058,2030-01-10,2030-01-10
05059,2035-02-23,2035-02-23
05060,2032-08-21,2032-08-21
05064,2034-03-29,2034-03-29
05065,2034-04-08,2034-04-08
05066,2033-03-29,2033-03-29
05067,2033-04-08,2033-04-08
05068,2030-04-12,2030-04-12
05073,2026-07-08,2026-07-08
05075,2029-03-05,2029-03-05
05078,2027-04-07,2027-04-07
05084,2031-04-12,2031-04-12
05085,2033-06-02,2033-06-02
05090,2034-06-02,2034-06-02
05091,2029-11-05,2029-11-05
05093,2033-02-09,2033-02-09
05094,2033-06-15,2033-06-15
05095,2029-07-07,2029-07-07
05100,2028-03-20,2028-03-20
05105,2027-08-16,2027-08-16
05110,2027-03-20,2027-03-20
05115,2029-02-21,2029-02-21
05116,2033-09-17,2033-09-17
05118,2027-03-04,2027-03-04
05119,2034-10-31,2034-10-31
05120,2032-04-11,2032-04-11
05123,2029-01-15,2029-01-15
05124,2035-06-02,2035-06-02
05125,2025-03-26,2025-03-26
05127,2033-08-22,2033-08-22
05130,2028-04-04,2028-04-04
05133,2031-09-17,2031-09-17
05134,2035-02-09,2035-02-09
05137,2035-06-15,2035-06-15
05138,2028-09-06,2028-09-06
05139,2031-02-27,2031-02-27
05141,2034-03-28,2034-03-28
05142,2035-10-31,2035-10-31
05151,2027-05-11,2027-05-11
05153,2025-11-27,2025-11-27
05154,2025-05-27,2025-05-27
05156,2027-08-18,2027-08-18
05157,2030-02-27,2030-02-27
05160,2029-12-22,2029-12-22
05161,2028-04-11,2028-04-11
05162,2035-08-22,2035-08-22
05163,2025-05-18,2025-05-18
05164,2031-01-22,2031-01-22
05167,2029-09-19,2029-09-19
05169,2029-03-31,2029-03-31
05171,2029-10-26,2029-10-26
05175,2028-06-23,2028-06-23
05177,2025-03-20,2025-03-20
05178,2028-03-16,2028-03-16
05179,2029-12-29,2029-12-29
05182,2025-10-18,2025-10-18
05183,2035-04-12,2035-04-12
05185,2032-03-16,2032-03-16
05186,2030-08-22,2030-08-22
05187,2030-09-27,2030-09-27
05188,2030-12-11,2031-03-29
05190,2030-01-22,2030-01-22
05191,2035-09-17,2035-09-17
05192,2026-03-14,2026-03-14
05197,2027-10-16,2027-10-16
05198,2031-04-28,2031-04-28
05199,2029-10-31,2029-10-31
05202,2031-03-29,2031-03-29
05209,2026-05-22,2026-05-22
05212,2026-05-27,2026-05-27
05214,2028-01-12,2028-01-12
05217,2031-07-14,2031-07-14
05220,2027-01-04,2027-01-04
05222,2031-05-11,2031-05-11
05224,2028-11-09,2028-11-09
05229,2026-12-28,2026-12-28
05230,2032-01-22,2032-01-22
05232,2030-04-28,2030-04-28
05233,2030-03-29,2030-03-29
05234,2029-04-11,2029-04-11
05235,2027-04-15,2027-04-15
05238,2026-05-22,2026-05-22
05250,2033-02-27,2033-02-27
05251,2026-08-22,2026-08-22
05252,2035-02-27,2035-02-27
05255,2026-01-24,2026-01-31
05259,2026-05-08,2026-05-15
05263,2029-04-05,2029-04-05
05264,2025-12-28,2025-12-28
05265,2032-03-27,2032-03-27
05268,2025-12-29,2025-12-29
05272,2028-01-15,2028-01-15
05274,2030-07-14,2030-07-14
05275,2031-05-22,2031-05-22
05277,2028-07-21,2028-07-21
05282,2030-05-11,2030-05-11
05284,2031-07-04,2031-07-04
05285,2034-01-10,2034-01-10
05286,2031-03-30,2031-03-30
05287,2032-07-13,2032-07-13
05288,2032-05-10,2032-05-10
05289,2033-08-07,2033-08-07
05290,2030-05-22,2030-05-22
05291,2033-01-22,2033-01-22
05296,2026-01-10,2026-01-10
05297,2028-06-11,2028-06-11
05299,2025-03-28,2025-03-28
05300,2035-03-29,2035-03-29
05301,2030-07-04,2030-07-04
05304,2028-01-22,2028-01-22
05308,2030-03-30,2030-03-30
05311,2028-09-04,2028-09-04
05315,2031-03-15,2031-03-15
05317,2035-03-01,2035-03-01
05318,2028-04-27,2028-04-27
05321,2035-07-22,2035-07-22
05322,2027-05-22,2027-05-22
05325,2026-05-28,2026-05-28
05331,2029-11-22,2029-11-22
05332,2027-11-05,2027-11-05
05333,2031-10-26,2031-10-26
05336,2025-03-30,2025-03-30
05339,2025-04-28,2025-04-28
05341,2029-10-08,2029-10-08
05342,2029-05-21,2029-09-06
05348,2025-07-07,2025-07-07
05358,2028-03-26,2028-03-26
05359,2026-05-16,2026-05-16
05366,2030-03-15,2030-03-15
05368,2027-12-02,2027-12-02
05369,2032-11-30,2032-11-30
05373,2032-07-07,2032-07-07
05380,2030-10-26,2030-10-26
05381,2026-03-17,2026-03-17
05382,2029-07-01,2029-07-01
05400,2032-11-06,2032-11-06
05401,2032-08-30,2032-08-30
05402,2033-05-11,2033-05-11
05403,2029-02-22,2029-02-22
05408,2034-03-29,2034-03-29
05409,2026-06-12,2026-06-12
05411,2031-05-18,2031-05-18
05414,2030-11-19,2030-11-19
05416,2024-10-23,2024-10-30
05418,2028-08-01,2028-08-01
05419,2030-10-24,2031-02-09
05423,2031-03-28,2031-03-28
05424,2028-01-28,2028-01-28
05428,2031-02-08,2031-02-08
05430,2031-07-08,2031-07-08
05431,2029-07-22,2029-07-22
05435,2032-10-02,2032-10-02
05437,2028-04-13,2028-04-13
05438,2030-05-18,2030-05-18
05439,2031-04-05,2031-04-05
05442,2029-01-26,2029-05-14
05443,2028-10-06,2028-10-06
05450,2030-03-28,2030-03-28
05452,2028-10-30,2028-10-30
05454,2029-03-11,2029-03-11
05455,2029-03-14,2029-03-14
05456,2029-01-30,2029-01-30
05458,2033-02-10,2033-02-10
05460,2026-01-10,2026-01-10
05462,2030-02-08,2030-02-08
05469,2035-09-05,2035-09-05
05476,2027-01-06,2027-01-06
05478,2026-03-01,2026-03-08
05480,2029-10-13,2030-01-29
05483,2028-09-04,2028-09-04
05488,2028-08-02,2028-08-02
05491,2030-07-08,2030-07-08
05495,2030-04-05,2030-04-05
05496,2028-02-28,2028-02-28
05497,2027-02-10,2027-02-10
05498,2025-01-17,2025-01-24
05500,2025-10-08,2025-10-08
05506,2028-02-27,2028-02-27
05519,2034-05-16,2034-05-16
05521,2034-03-11,2034-03-11
05525,2032-12-19,2032-12-19
05526,2035-01-19,2035-01-19
05535,2035-12-20,2035-12-20
05540,2030-03-11,2030-03-11
05544,2034-08-02,2034-08-02
05545,2030-05-03,2030-05-03
05548,2030-04-25,2030-04-25
05549,2031-03-11,2031-03-11
05550,2029-05-27,2029-05-27
05565,2026-07-31,2026-07-31
05570,2026-11-22,2026-11-22
05571,2033-06-04,2033-06-04
05572,2030-12-29,2030-12-29
05578,2028-03-11,2028-03-11
05581,2027-03-24,2027-03-24
05583,2033-03-11,2033-03-11
05588,2026-03-24,2026-03-24
05589,2027-01-30,2027-01-30
05590,2031-05-03,2031-05-03
05593,2030-05-27,2030-05-27
05599,2035-06-04,2035-06-04
05613,2031-04-25,2031-04-25
05622,2032-08-17,2032-08-17
05627,2032-04-14,2032-04-14
05632,2025-03-14,2025-03-21
05633,2031-05-27,2031-05-27
05649,2026-06-24,2026-06-24
05655,2033-07-07,2033-07-07
05670,2027-05-21,2027-05-21
05677,2027-07-15,2027-07-15
05680,2025-06-15,2025-06-15
05686,2029-04-28,2029-04-28
05694,2027-01-26,2027-01-26
05699,2027-05-28,2027-05-28
05714,2034-10-17,2034-10-17
05715,2033-11-10,2033-11-10
05720,2027-06-24,2027-06-24
05740,2030-02-08,2030-02-08
05745,2032-08-01,2032-08-01
05757,2032-03-14,2032-03-14
05763,2028-06-29,2028-06-29
05772,2030-05-21,2030-05-21
05774,2029-05-18,2029-05-18
05778,2031-02-08,2031-02-08
05783,2031-05-21,2031-05-21
05788,2030-12-21,2030-12-21
05789,2034-05-03,2034-05-03
05790,2025-06-27,2025-07-04
05792,2033-12-25,2034-04-12
05831,2033-12-21,2033-12-21
05837,2029-08-06,2029-08-06
05875,2032-06-29,2032-06-29
05878,2026-02-06,2026-02-13
05879,2033-05-03,2033-05-03
05894,2029-05-28,2029-05-28
05895,2028-06-30,2028-06-30
05902,2035-02-08,2035-02-08
05911,2026-12-11,2026-12-18
05936,2035-11-10,2035-11-10
05953,2031-12-21,2031-12-21
05964,2027-05-14,2027-05-21
05965,2034-05-16,2034-05-16
05971,2032-04-09,2032-04-09
05981,2030-09-29,2030-09-29
06139,2035-05-21,2035-05-21
06142,2029-02-10,2029-02-10
70001,2026-03-02,2026-03-02
70002,2034-12-21,2034-12-21
70004,2029-04-07,2029-04-07
70005,2029-11-29,2029-11-29
70007,2030-01-14,2030-01-14
70008,2035-05-03,2035-05-03
70012,2033-01-17,2033-01-17
70021,2032-05-02,2032-05-02
70022,2026-06-05,2026-11-27
70041,2025-11-10,2025-11-10
70042,2025-06-27,2025-07-04
70043,2035-08-31,2035-08-31
70044,2025-09-16,2025-09-16
70045,2033-08-02,2033-08-02
70049,2026-06-12,2026-06-12
70051,2029-03-17,2029-07-03
70052,2025-02-28,2025-04-01
70053,2031-03-17,2031-03-17
70054,2025-06-27,2025-07-04
